num_voters,num_projects,setup,predictor,sample_degree,lv_degree,seed,k,num_tv,precision,recall,f1,fractional_allocation,symmetric_distance,pipeline_runtime,runtime
100,30,random,classification,0.1,0.1,0,3,99,0.5795835477653659,0.5330396301793713,0.5497484119490873,0.7297504798464491,5,12.369425642999886,12.390606312000273
100,30,random,classification,0.1,0.1,1,3,99,0.5812730479397146,0.40318504941945227,0.47016593613919,0.6047655068078669,7,1.5531162529996436,1.566483894999692
100,30,random,classification,0.1,0.1,2,3,99,0.5654761904761905,0.3503093715015565,0.4289941261502139,0.6943239334779465,5,1.2268245229997774,1.2397928130003493
100,30,random,classification,0.1,0.3,0,2,97,0.591408212769644,0.716553084946609,0.6421624609934936,0.7416506717850287,5,1.244186983999498,1.2588878280002973
100,30,random,classification,0.1,0.3,1,2,97,0.5643080287410184,0.4906809828201581,0.5173808079655741,0.6495839636913767,6,1.141104508999888,1.1560502529991936
100,30,random,classification,0.1,0.3,2,2,97,0.5127247525064383,0.6160828634676421,0.5537152004953613,0.20137382501807666,13,1.3994479949997185,1.4469367689998762
100,30,random,classification,0.1,0.5,0,2,95,0.6126302936829252,0.5979847082470514,0.5989219395668145,0.5535508637236084,7,1.597307138999895,1.6104539769994517
100,30,random,classification,0.1,0.5,1,2,95,0.5671345029239766,0.4129795256343244,0.47015074944176405,0.7085854765506808,6,1.1774721129995669,1.1902700330001608
100,30,random,classification,0.1,0.5,2,2,95,0.5266323537143971,0.5672155373006766,0.5409804975295388,0.5182574114244396,9,1.649222536000707,1.6637099280005714
100,30,random,classification,0.1,0.7,0,1,93,0.6173204931269447,0.6477817131379999,0.6270625564942419,0.4852207293666027,8,2.3096208719998685,2.3272098659999756
100,30,random,classification,0.1,0.7,1,1,93,0.5592900528384399,0.49222504458822247,0.5171735542881963,0.5695915279878971,8,1.681864676999794,1.700318693000554
100,30,random,classification,0.1,0.7,2,1,93,0.5198615751035106,0.5150605666734699,0.5118768938483002,0.5193420101229211,8,2.349561029999677,2.3678336309994847
100,30,random,classification,0.1,0.9,0,0,91,0.5899725274725275,0.6749790552103178,0.625342025326176,0.7385796545105566,5,1.7687193049996495,1.7899402689999988
100,30,random,classification,0.1,0.9,1,0,91,0.5620094191522762,0.30447984078355256,0.3915292330323268,0.522125567322239,8,1.3621968540001035,1.3753869749998557
100,30,random,classification,0.1,0.9,2,0,91,0.48451548451548454,0.40038585916516034,0.4336897652243941,0.40853217642805495,10,1.2647068220003348,1.277750281000408
100,30,random,classification,0.3,0.1,0,8,97,0.5819821930646673,0.562399393107398,0.5612118479189432,0.7385796545105566,5,2.0428689860000304,2.0603676549999363
100,30,random,classification,0.3,0.1,1,8,97,0.582450424718466,0.5239126852528915,0.5348730853241596,0.68910741301059,5,1.532217689999925,1.5468823230003181
100,30,random,classification,0.3,0.1,2,8,97,0.5658026967305317,0.5629426129426129,0.5503042748142545,0.5227765726681128,8,2.12301977000061,2.1364548609999474
100,30,random,classification,0.3,0.3,0,7,91,0.6134972529445704,0.5738229414053589,0.5780322475816857,0.8117082533589252,4,1.4517283260001932,1.4648418940005286
100,30,random,classification,0.3,0.3,1,7,91,0.5633453847739561,0.49816482357691144,0.5138562564433335,0.7246596066565809,5,2.1817797749999954,2.1956816800002343
100,30,random,classification,0.3,0.3,2,7,91,0.5633716710639788,0.5390348967272044,0.5403375964226151,0.7438539407086044,7,1.782619120000163,1.795726545999969
100,30,random,classification,0.3,0.5,0,5,85,0.587986992822633,0.5809310047891363,0.5756504369366048,0.8117082533589252,3,1.5716615430001184,1.5839516510004614
100,30,random,classification,0.3,0.5,1,5,85,0.5526663532545886,0.4691138004632814,0.4971369000048718,0.7832829046898638,4,1.3730995999994775,1.3857250599994586
100,30,random,classification,0.3,0.5,2,5,85,0.5645601130895248,0.4894412978409518,0.5157974351039211,0.5,9,1.6833842209998693,1.711947095999676
100,30,random,classification,0.3,0.7,0,3,79,0.618762138829153,0.6264061412237137,0.6153669924428298,0.8086372360844529,2,1.5818246759999965,1.5962316969998938
100,30,random,classification,0.3,0.7,1,3,79,0.5810083727805248,0.4351407548354682,0.48583224087409704,0.6798411497730711,7,1.921585084999606,1.934705077000217
100,30,random,classification,0.3,0.7,2,3,79,0.533711541622934,0.4604521626301224,0.4841389865660774,0.6370209689081706,8,2.349139642999944,2.362063704999855
100,30,random,classification,0.3,0.9,0,1,73,0.6230184769568332,0.5829130003241502,0.5969073396358446,0.6702495201535509,6,1.510316282000531,1.5308025510003063
100,30,random,classification,0.3,0.9,1,1,73,0.5696280507924343,0.48148259655108977,0.5136777988964186,0.7950075642965204,4,1.4711653109998224,1.4827437129997634
100,30,random,classification,0.3,0.9,2,1,73,0.5411655908331976,0.44205887227643875,0.47777979502109597,0.6865509761388287,7,2.1718861629997264,2.1836407359996883
100,30,random,classification,0.5,0.1,0,14,95,0.6319590643274854,0.6819196008669693,0.6403389607804738,0.8464491362763915,4,1.6315075100001195,1.6465230160001738
100,30,random,classification,0.5,0.1,1,14,95,0.6411111111111111,0.5984670008354219,0.602493294007063,0.8142965204236006,2,1.700525123999796,1.7147507110003062
100,30,random,classification,0.5,0.1,2,14,95,0.6866233766233767,0.6396844383686489,0.64548471760709,0.5677874186550976,8,2.271835812000063,2.2854714160002914
100,30,random,classification,0.5,0.3,0,12,85,0.6737489961019373,0.668328664799253,0.6581909015439773,0.8086372360844529,3,2.049026509000214,2.0622512779991666
100,30,random,classification,0.5,0.3,1,12,85,0.6370426958662253,0.5598315083609201,0.5805638584812807,0.8142965204236006,3,1.6712359639996066,1.7029886769996665
100,30,random,classification,0.5,0.3,2,12,85,0.6351974169621228,0.6214033678739561,0.617804437311813,0.3926247288503254,10,1.8932860009999786,1.9067542969996794
100,30,random,classification,0.5,0.5,0,10,75,0.6484088504088504,0.6068018278018278,0.6129361872618838,0.8117082533589252,3,1.7484352159999617,1.762467005999497
100,30,random,classification,0.5,0.5,1,10,75,0.6527041107041107,0.5737541347541347,0.5967991032613459,0.8142965204236006,2,2.5163461729998744,2.5290623340006277
100,30,random,classification,0.5,0.5,2,10,75,0.6576595626595627,0.647956228956229,0.6416331438429074,0.5677874186550976,8,2.255747252999754,2.268543719000263
100,30,random,classification,0.5,0.7,0,7,65,0.637802667418052,0.6199473176396253,0.6189995672489434,0.8086372360844529,4,2.5861531609998565,2.5981849829995554
100,30,random,classification,0.5,0.7,1,7,65,0.5838480750019212,0.5330460138152445,0.5437877746447489,0.8142965204236006,3,2.3008159539995177,2.313306279000244
100,30,random,classification,0.5,0.7,2,7,65,0.6239540801079262,0.5858018050325743,0.5943669684405135,0.8694866232827188,2,3.1010368140005085,3.1131530849997944
100,30,random,classification,0.5,0.9,0,3,55,0.6304908816673522,0.6178254274574286,0.6181211634435884,0.8086372360844529,2,1.7918832790001034,1.8021292809999068
100,30,random,classification,0.5,0.9,1,3,55,0.5918589491316765,0.5576223776223777,0.5636787317870052,0.8142965204236006,3,1.7396096400007082,1.7506006170006003
100,30,random,classification,0.5,0.9,2,3,55,0.5377969252969254,0.5041993137581373,0.5110684742247497,0.6934201012292118,4,2.6845480260008117,2.695460050999827
100,30,random,classification,0.7,0.1,0,20,93,0.7251024065540195,0.6986601809182454,0.688387627903757,0.8117082533589252,3,1.6979099069994845,1.7106998760000351
100,30,random,classification,0.7,0.1,1,20,93,0.667921146953405,0.6701356886840758,0.6427369524143718,0.8142965204236006,3,2.327713820000099,2.342542914999285
100,30,random,classification,0.7,0.1,2,20,93,0.730005120327701,0.6859959037378393,0.6801444672412414,0.6943239334779465,5,1.6296148310002536,1.648400813999615
100,30,random,classification,0.7,0.3,0,19,79,0.7068063090214989,0.7357594936708861,0.6986028739193296,0.9848368522072937,0,1.896970187000079,1.9118992249996154
100,30,random,classification,0.7,0.3,1,19,79,0.7129294755877034,0.5927817962628089,0.6181974846531808,0.7950075642965204,4,2.7448272730007375,2.757332923000831
100,30,random,classification,0.7,0.3,2,19,79,0.6842927466345188,0.6481113120353627,0.649655232250169,0.6988430947216197,5,2.2018601429999762,2.213628847000109
100,30,random,classification,0.7,0.5,0,16,65,0.7067626817626818,0.7533089133089133,0.7196360725617691,0.9848368522072937,0,2.5256187949999003,2.5363943110005494
100,30,random,classification,0.7,0.5,1,16,65,0.6524358974358974,0.6304884004884005,0.62503108003108,0.8142965204236006,3,1.7547208299993144,1.7653265010003452
100,30,random,classification,0.7,0.5,2,16,65,0.7001953601953602,0.7058669108669109,0.6889088613749247,0.8694866232827188,3,1.8891796429998067,1.9000891350005986
100,30,random,classification,0.7,0.7,0,12,51,0.659034429622665,0.6668541153835271,0.6492835555346937,0.9848368522072937,0,2.1079028470003323,2.117645256000287
100,30,random,classification,0.7,0.7,1,12,51,0.6711512887983476,0.6266904119845296,0.6342794023916493,0.8142965204236006,3,1.7891337099999873,1.7990179580001495
100,30,random,classification,0.7,0.7,2,12,51,0.7006161050278698,0.669294485470956,0.6720427450675762,0.5677874186550976,6,2.7488278680002622,2.7587749949998397
100,30,random,classification,0.7,0.9,0,6,37,0.6676484551484552,0.6552191052191052,0.6535080716706776,0.8086372360844529,3,2.3972813000000315,2.4064463469994735
100,30,random,classification,0.7,0.9,1,6,37,0.6736427986427986,0.5670261420261421,0.6033917176183968,0.8142965204236006,2,2.0382198639999842,2.0493274110003767
100,30,random,classification,0.7,0.9,2,6,37,0.6203739578739579,0.6604538854538855,0.6281090181891098,0.6934201012292118,5,2.429809637999824,2.439191794999715
100,30,random,classification,0.9,0.1,0,27,91,0.6794871794871795,0.6666666666666666,0.6498168498168498,0.8086372360844529,3,2.720687127999554,2.734958893000112
100,30,random,classification,0.9,0.1,1,27,91,0.5915750915750916,0.5714285714285714,0.5648351648351648,0.8142965204236006,3,1.7247762779998084,1.7381555989995832
100,30,random,classification,0.9,0.1,2,27,91,0.6666666666666666,0.6501831501831502,0.6377289377289377,0.9996384671005062,0,1.6733038030006355,1.6861358850001125
100,30,random,classification,0.9,0.3,0,26,73,0.6712328767123288,0.708904109589041,0.6617090671885192,0.8086372360844529,3,2.138642159000483,2.150015645000167
100,30,random,classification,0.9,0.3,1,26,73,0.6335616438356164,0.5376712328767124,0.5528375733855185,0.8142965204236006,3,1.7410854399995515,1.7520182920006846
100,30,random,classification,0.9,0.3,2,26,73,0.728310502283105,0.6769406392694064,0.6719504240052185,0.8740057845263919,2,2.2246210759994938,2.2362831980008195
100,30,random,classification,0.9,0.5,0,25,55,0.7257575757575757,0.7424242424242424,0.6958874458874459,0.9848368522072937,0,2.6502038179996816,2.6604035000000295
100,30,random,classification,0.9,0.5,1,25,55,0.6075757575757575,0.5606060606060606,0.5604329004329004,0.9858169440242057,0,2.3941920990000654,2.4042998450004234
100,30,random,classification,0.9,0.5,2,25,55,0.7484848484848484,0.7115151515151515,0.6884992784992786,0.9996384671005062,0,2.592150273999323,2.6029390630001217
100,30,random,classification,0.9,0.7,0,22,37,0.7523166023166024,0.7148648648648649,0.7082290082290083,0.8086372360844529,3,2.34721733600054,2.3563187409999955
100,30,random,classification,0.9,0.7,1,22,37,0.7752252252252252,0.676962676962677,0.6963515463515464,0.8142965204236006,3,2.165665610999895,2.1754077679997863
100,30,random,classification,0.9,0.7,2,22,37,0.7315315315315315,0.7337194337194337,0.7045006045006045,0.6979392624728851,4,2.3968788400006815,2.405172961000062
100,30,random,classification,0.9,0.9,0,14,19,0.5970053338474391,0.6290517961570593,0.6018032430470174,0.8086372360844529,3,2.912429357000292,2.9196499620002214
100,30,random,classification,0.9,0.9,1,14,19,0.7514619883040936,0.7113750284802917,0.722352913684183,0.9858169440242057,0,2.4613997859996744,2.471074306000446
100,30,random,classification,0.9,0.9,2,14,19,0.7293859649122808,0.67921888053467,0.6961083636006237,0.7438539407086044,5,2.673132316000192,2.6808679260002464
100,30,random,matrix_factorization,0.1,0.1,0,3,99,0.5845421783951481,0.5392363351259589,0.5151628699996138,0.6236084452975048,6,0.32498059999943507,0.3397797759998866
100,30,random,matrix_factorization,0.1,0.1,1,3,99,0.5615754184885904,0.45453707924741793,0.44187535895828467,0.6187594553706506,8,0.04759182699945086,0.0610996890000024
100,30,random,matrix_factorization,0.1,0.1,2,3,99,0.5131843311574056,0.39707208842798486,0.41751717448730885,0.6943239334779465,5,0.0569400680005856,0.07012982400010515
100,30,random,matrix_factorization,0.1,0.3,0,2,97,0.5721128566712015,0.7180082184243399,0.6045408183582459,0.5654510556621881,7,0.05114094100008515,0.06450177599981544
100,30,random,matrix_factorization,0.1,0.3,1,2,97,0.5699132247040071,0.46335581657746605,0.47644569310560353,0.6442889561270801,7,0.04967446099999506,0.062830429999849
100,30,random,matrix_factorization,0.1,0.3,2,2,97,0.49885571370420034,0.5869717599629667,0.49992934420844687,0.3774403470715835,9,0.04768929300007585,0.060472727000160376
100,30,random,matrix_factorization,0.1,0.5,0,2,95,0.5851985291218808,0.5787877134271953,0.5468846353170604,0.5535508637236084,8,0.04794216099980986,0.06118780799988599
100,30,random,matrix_factorization,0.1,0.5,1,2,95,0.5154136073885137,0.5727017057589813,0.4868738268102767,0.5459531013615734,9,0.05595332699977007,0.0698767610001596
100,30,random,matrix_factorization,0.1,0.5,2,2,95,0.4802893968866757,0.5364834451753957,0.488963713625118,0.6943239334779465,7,0.05746800399992935,0.07021005699971283
100,30,random,matrix_factorization,0.1,0.7,0,1,93,0.5881815314527788,0.611337946409853,0.5808196765010935,0.5566218809980806,7,0.04845705100069608,0.060824328000308014
100,30,random,matrix_factorization,0.1,0.7,1,1,93,0.5321966981459642,0.4875141961267498,0.48366197909632364,0.6336989409984871,6,0.05307547600023099,0.06604186700042192
100,30,random,matrix_factorization,0.1,0.7,2,1,93,0.4993892929884836,0.5538282190084847,0.49688847278390486,0.5504338394793926,8,0.05167510899991612,0.0645860000004177
100,30,random,matrix_factorization,0.1,0.9,0,0,91,0.5899725274725275,0.6749790552103178,0.625342025326176,0.7385796545105566,5,0.045421169999826816,0.05802281600062997
100,30,random,matrix_factorization,0.1,0.9,1,0,91,0.47396082178690874,0.8595960607566262,0.6050551182424929,0.522125567322239,8,0.04722737300016888,0.06088839800031565
100,30,random,matrix_factorization,0.1,0.9,2,0,91,0.48451548451548454,0.40038585916516034,0.4336897652243941,0.40853217642805495,10,0.043831029999637394,0.056430338999234664
100,30,random,matrix_factorization,0.3,0.1,0,8,97,0.6343489683177213,0.6109776779046033,0.5773752335354012,0.6702495201535509,6,0.07324097099990468,0.08655837900005281
100,30,random,matrix_factorization,0.3,0.1,1,8,97,0.5900895640626258,0.4835717833140513,0.4767896423741358,0.6773827534039334,6,0.078780609000205,0.09281524000016361
100,30,random,matrix_factorization,0.3,0.1,2,8,97,0.4801752325283333,0.5336966012223744,0.47465977436488976,0.5227765726681128,8,0.07898119000037696,0.09426867199999833
100,30,random,matrix_factorization,0.3,0.3,0,7,91,0.6251585172067939,0.6038755658261153,0.5687846571925913,0.7416506717850287,5,0.07645377199969516,0.08942104000016116
100,30,random,matrix_factorization,0.3,0.3,1,7,91,0.6045017841984807,0.4876256069937388,0.4792919560573439,0.8142965204236006,2,0.0721961969993572,0.08501750799950969
100,30,random,matrix_factorization,0.3,0.3,2,7,91,0.4987586544862087,0.5182939465906499,0.45904955659208085,0.5677874186550976,10,0.21271913300006418,0.22706145199936145
100,30,random,matrix_factorization,0.3,0.5,0,5,85,0.6083743289571404,0.6247352973823562,0.549399835313264,0.673320537428023,6,0.07176358600008825,0.0842332960000931
100,30,random,matrix_factorization,0.3,0.5,1,5,85,0.5439819251331449,0.7246660106521697,0.581279295367668,0.8142965204236006,3,0.07942928300053609,0.09159452000039892
100,30,random,matrix_factorization,0.3,0.5,2,5,85,0.4600935898732728,0.46082541929427745,0.4178409862793028,0.366413593637021,11,0.06532367100044212,0.07816484499926446
100,30,random,matrix_factorization,0.3,0.7,0,3,79,0.6096791151271881,0.6236375862492766,0.5852103820885634,0.8086372360844529,2,0.06834952200006228,0.08111893499972211
100,30,random,matrix_factorization,0.3,0.7,1,3,79,0.586012787246415,0.6346477227992492,0.5366191645112119,0.6488275340393344,8,0.07986248099950899,0.09260268199977872
100,30,random,matrix_factorization,0.3,0.7,2,3,79,0.5008703094472896,0.49324027610513094,0.4379235795952866,0.8694866232827188,2,0.06599649399959162,0.07805442799963203
100,30,random,matrix_factorization,0.3,0.9,0,1,73,0.6537422478869317,0.5897883243206412,0.5792108985950589,0.8086372360844529,2,0.06283636900025158,0.07632310200006032
100,30,random,matrix_factorization,0.3,0.9,1,1,73,0.5918844790223984,0.5380828646239605,0.537802348892225,0.6488275340393344,7,0.06722831400020368,0.07971584199913195
100,30,random,matrix_factorization,0.3,0.9,2,1,73,0.5125080725395993,0.4581051927748141,0.4358318454056046,0.7438539407086044,7,0.06827104199965106,0.08067210700028227
100,30,random,matrix_factorization,0.5,0.1,0,14,95,0.6294825642194063,0.63020672310146,0.579290238521459,0.6702495201535509,6,0.0947828810003557,0.10803028000009363
100,30,random,matrix_factorization,0.5,0.1,1,14,95,0.6109179124968599,0.5063814840130629,0.5130532371933071,0.8142965204236006,2,0.09775342699958856,0.11013365300004807
100,30,random,matrix_factorization,0.5,0.1,2,14,95,0.575401411454043,0.5153185995291258,0.49029053713834553,0.8235719450469993,2,0.10209269299957668,0.11568254099984188
100,30,random,matrix_factorization,0.5,0.3,0,12,85,0.6642264108440579,0.5292844410491468,0.5542501665241168,0.8086372360844529,3,0.18353129200022522,0.1961461800001416
100,30,random,matrix_factorization,0.5,0.3,1,12,85,0.6299503111267817,0.5209566250742722,0.5171155580088379,0.7832829046898638,4,0.09687223299988545,0.10889949700049328
100,30,random,matrix_factorization,0.5,0.3,2,12,85,0.5516667050750096,0.4884115557644969,0.45991755920602334,0.5677874186550976,6,0.0914286990000619,0.10387192500002129
100,30,random,matrix_factorization,0.5,0.5,0,10,75,0.6549371554371555,0.5803900543900544,0.5767886861948601,0.7433781190019194,5,0.09700300000076822,0.10833572799947433
100,30,random,matrix_factorization,0.5,0.5,1,10,75,0.6834413299119182,0.5492818292818292,0.5563026510904198,0.8142965204236006,3,0.11270313500062912,0.12748595199991541
100,30,random,matrix_factorization,0.5,0.5,2,10,75,0.5396931507318504,0.5135493025493025,0.46388758625295407,0.7438539407086044,5,0.10037592700064124,0.11220897099974536
100,30,random,matrix_factorization,0.5,0.7,0,7,65,0.6370258208886453,0.6084600228830997,0.5896823004453017,0.9848368522072937,0,0.09363621099964803,0.10454924400073651
100,30,random,matrix_factorization,0.5,0.7,1,7,65,0.5925088913097962,0.5380653961423192,0.5206895133525314,0.8142965204236006,2,0.09411833299964201,0.10501141199983977
100,30,random,matrix_factorization,0.5,0.7,2,7,65,0.5608480313314798,0.5205442634288787,0.4815099810079871,0.5677874186550976,9,0.09198367599947233,0.10295676799978537
100,30,random,matrix_factorization,0.5,0.9,0,3,55,0.6277974168098558,0.6131631749743205,0.583200233480606,0.7403071017274472,5,0.08498651599984441,0.0961418289998619
100,30,random,matrix_factorization,0.5,0.9,1,3,55,0.6306743714427362,0.5303854983400438,0.5328485622495248,0.8142965204236006,3,0.09299406099944463,0.10321987800034549
100,30,random,matrix_factorization,0.5,0.9,2,3,55,0.5584786686872248,0.4173951850288749,0.41980032632800734,0.6934201012292118,6,0.08760758000062197,0.09719192800002929
100,30,random,matrix_factorization,0.7,0.1,0,20,93,0.6528887182112989,0.6361025772316096,0.6045779489327876,0.8117082533589252,3,0.19563087400001677,0.20844689600016864
100,30,random,matrix_factorization,0.7,0.1,1,20,93,0.6593488649940262,0.6328084997439836,0.5928763590053913,0.68910741301059,5,0.13284372199996142,0.14620844799992483
100,30,random,matrix_factorization,0.7,0.1,2,20,93,0.6455325140809012,0.6362519201228879,0.5963186156734543,0.648409255242227,4,0.12440467100077512,0.13961914099945716
100,30,random,matrix_factorization,0.7,0.3,0,19,79,0.6626408752991032,0.6632157926461724,0.6300655309776679,0.9848368522072937,0,0.1150474159994701,0.12836405699999887
100,30,random,matrix_factorization,0.7,0.3,1,19,79,0.6797518585493268,0.5382509543901949,0.5502444812571395,0.7950075642965204,4,0.14904414499960694,0.16157729899987316
100,30,random,matrix_factorization,0.7,0.3,2,19,79,0.7192736588306209,0.6200321478802491,0.6247537190202864,0.8740057845263919,3,0.12481680699966091,0.1631046550000974
100,30,random,matrix_factorization,0.7,0.5,0,16,65,0.6531363081363081,0.6703052503052503,0.628298398434145,0.9848368522072937,0,0.21943575799923565,0.23201057299957029
100,30,random,matrix_factorization,0.7,0.5,1,16,65,0.6455094905094905,0.6058485958485959,0.5867153011842223,0.8142965204236006,3,0.12438607900003262,0.13490946299953066
100,30,random,matrix_factorization,0.7,0.5,2,16,65,0.6501970251970253,0.6175824175824176,0.5801171163519342,0.5677874186550976,7,0.2097770419995868,0.2203970840000693
100,30,random,matrix_factorization,0.7,0.7,0,12,51,0.6554050524638759,0.6463733978439861,0.6003219109493804,0.8117082533589252,4,0.10734113800026535,0.11665196199919592
100,30,random,matrix_factorization,0.7,0.7,1,12,51,0.6183773742597272,0.5758063287475051,0.5507244008883054,0.8142965204236006,3,0.1123086699999476,0.12170116100060113
100,30,random,matrix_factorization,0.7,0.7,2,12,51,0.6375951774740701,0.5592663327957446,0.5503558219355875,0.7438539407086044,5,0.11275127299995802,0.12196621800012508
100,30,random,matrix_factorization,0.7,0.9,0,6,37,0.6700146508784952,0.5878497628497629,0.5766848463471331,0.8086372360844529,3,0.11197596300007717,0.12015122299999348
100,30,random,matrix_factorization,0.7,0.9,1,6,37,0.7022345897345896,0.532975282975283,0.5492618955388809,0.8142965204236006,2,0.1045007689999693,0.11280558799990104
100,30,random,matrix_factorization,0.7,0.9,2,6,37,0.5646022193017078,0.584023709023709,0.4881712060097685,0.6934201012292118,5,0.10811956299949088,0.11651276700013113
100,30,random,matrix_factorization,0.9,0.1,0,27,91,0.6153846153846154,0.5879120879120879,0.5721611721611721,0.9848368522072937,0,0.15449973700015107,0.16676715399989916
100,30,random,matrix_factorization,0.9,0.1,1,27,91,0.5787545787545787,0.5421245421245422,0.5351648351648352,0.9858169440242057,0,0.23216281199984223,0.24581809699975565
100,30,random,matrix_factorization,0.9,0.1,2,27,91,0.6245421245421245,0.6007326007326007,0.591941391941392,0.9996384671005062,0,0.1582074999996621,0.17241285000000062
100,30,random,matrix_factorization,0.9,0.3,0,26,73,0.6689497716894978,0.6575342465753424,0.6353555120678408,0.8086372360844529,3,0.1752959519999422,0.18736645100034366
100,30,random,matrix_factorization,0.9,0.3,1,26,73,0.6244292237442922,0.5468036529680365,0.5528375733855185,0.8142965204236006,3,0.1527949310002441,0.1645103350001591
100,30,random,matrix_factorization,0.9,0.3,2,26,73,0.771689497716895,0.6917808219178082,0.6947162426614482,0.9996384671005062,0,0.14414153899997473,0.15545901899986347
100,30,random,matrix_factorization,0.9,0.5,0,25,55,0.7727272727272727,0.7206060606060606,0.7125685425685426,0.9848368522072937,0,0.22305445399979362,0.2333634959995834
100,30,random,matrix_factorization,0.9,0.5,1,25,55,0.5681818181818182,0.5393939393939394,0.5346753246753247,0.8142965204236006,3,0.13725885199983168,0.14810588900036237
100,30,random,matrix_factorization,0.9,0.5,2,25,55,0.7348484848484848,0.6848484848484848,0.677142857142857,0.9996384671005062,0,0.13861654399988765,0.15100777600036963
100,30,random,matrix_factorization,0.9,0.7,0,22,37,0.6915057915057915,0.6472972972972972,0.6216430716430716,0.8117082533589252,3,0.1369899989995247,0.14546467599939206
100,30,random,matrix_factorization,0.9,0.7,1,22,37,0.7119047619047619,0.6207207207207207,0.6245287745287745,0.8142965204236006,3,0.128849586000797,0.13928799299992534
100,30,random,matrix_factorization,0.9,0.7,2,22,37,0.7568211068211068,0.7476833976833976,0.7235267735267735,0.9996384671005062,0,0.13553340999987995,0.14420714600055362
100,30,random,matrix_factorization,0.9,0.9,0,14,19,0.6169590643274854,0.5973475355054303,0.5587611305103565,0.8086372360844529,3,0.20302917000026355,0.2099987819992748
100,30,random,matrix_factorization,0.9,0.9,1,14,19,0.7714753083174135,0.6217532467532467,0.6181223095880094,0.9665279878971256,2,0.1242222569999285,0.13311160000012023
100,30,random,matrix_factorization,0.9,0.9,2,14,19,0.6148132569185201,0.5777986633249791,0.5484077326182589,0.7438539407086044,5,0.1704471739994915,0.17750137400071253
100,30,random,factorization_machines,0.1,0.1,0,3,99,0.5220742181502022,0.5345331349025411,0.5119294184510235,0.4852207293666027,8,0.13353259499945125,0.1466024789997391
100,30,random,factorization_machines,0.1,0.1,1,3,99,0.486913458619651,0.49091025334340843,0.4660821815868375,0.7083963691376702,6,0.044010051999975985,0.057879386999957205
100,30,random,factorization_machines,0.1,0.1,2,3,99,0.4923234832771375,0.45718727029121997,0.4562744450690676,0.5686912509038322,7,0.04197205399941595,0.058019167000566085
100,30,random,factorization_machines,0.1,0.3,0,2,97,0.5003710216086935,0.5721321224496994,0.5188978569943283,0.4504798464491363,9,0.0441825380003138,0.057245220000368136
100,30,random,factorization_machines,0.1,0.3,1,2,97,0.48257984700924605,0.48434394929240293,0.4606801866335502,0.8142965204236006,3,0.0412225390000458,0.0567070290007905
100,30,random,factorization_machines,0.1,0.3,2,2,97,0.4464306485754093,0.49496011955836094,0.44955841813437875,0.46203904555314534,8,0.043553139999858104,0.05700381699989521
100,30,random,factorization_machines,0.1,0.5,0,2,95,0.49912605744383415,0.5225002365331517,0.49974527422399995,0.48982725527831095,8,0.04172267000012653,0.08335617600005207
100,30,random,factorization_machines,0.1,0.5,1,2,95,0.4751017385502972,0.5444915559157045,0.4944418553665277,0.7501891074130106,6,0.04338834400004998,0.0566825969999627
100,30,random,factorization_machines,0.1,0.5,2,2,95,0.48096346174601023,0.504623807564984,0.47830386557043625,0.5876717281272595,9,0.04442763899987767,0.05750579800042033
100,30,random,factorization_machines,0.1,0.7,0,1,93,0.5506218312020769,0.592025261709672,0.5550785393415697,0.5566218809980806,7,0.039634832999581704,0.05393002799974056
100,30,random,factorization_machines,0.1,0.7,1,1,93,0.5074556336003954,0.4942313832344293,0.48568332745385745,0.7040468986384266,5,0.040417442999569175,0.05326159699961863
100,30,random,factorization_machines,0.1,0.7,2,1,93,0.49327320634246635,0.5111822931794469,0.49090091528103147,0.5193420101229211,8,0.03997182200055249,0.054629607000606484
100,30,random,factorization_machines,0.1,0.9,0,0,91,0.5884372979961215,0.677708194203193,0.6256235246957953,0.7385796545105566,5,0.04205878299944743,0.054976915000224835
100,30,random,factorization_machines,0.1,0.9,1,0,91,0.5307764131293543,0.7385555356972872,0.6108910347678967,0.522125567322239,8,0.041150994000417995,0.054603034000137995
100,30,random,factorization_machines,0.1,0.9,2,0,91,0.48934255520389974,0.526830420077962,0.5015436904900977,0.40853217642805495,10,0.03890630299974873,0.05238528700010647
100,30,random,factorization_machines,0.3,0.1,0,8,97,0.6509721647532442,0.6160016958986031,0.6099011866071646,0.6702495201535509,6,0.06041647900019598,0.07361749099982262
100,30,random,factorization_machines,0.3,0.1,1,8,97,0.5886547873661275,0.5166643493963081,0.5285881534879263,0.6132753403933434,8,0.05781193600068946,0.07083279800008313
100,30,random,factorization_machines,0.3,0.1,2,8,97,0.6168016405129807,0.6300565127884715,0.6074914416899696,0.5227765726681128,6,0.060840793999886955,0.07455478300016694
100,30,random,factorization_machines,0.3,0.3,0,7,91,0.6272473431678004,0.6045481533118896,0.5887547881998094,0.7416506717850287,5,0.06161449800038099,0.07428109800002858
100,30,random,factorization_machines,0.3,0.3,1,7,91,0.584456877604906,0.5394235190938488,0.5422668439535662,0.8142965204236006,2,0.06137657100043725,0.07391680099954101
100,30,random,factorization_machines,0.3,0.3,2,7,91,0.6414546686524709,0.6167817225509533,0.6083444899687379,0.6934201012292118,5,0.06828232900079456,0.08734882299995661
100,30,random,factorization_machines,0.3,0.5,0,5,85,0.6002423905542645,0.6024014413114759,0.5760146983117881,0.8117082533589252,3,0.06717005100017559,0.07991469200078427
100,30,random,factorization_machines,0.3,0.5,1,5,85,0.5460354170101939,0.651118787018441,0.5823669101544395,0.8142965204236006,3,0.06730314200012799,0.07957416900080716
100,30,random,factorization_machines,0.3,0.5,2,5,85,0.5663211394526273,0.545881104670032,0.5434693160503747,0.33532176428054955,10,0.06270563499947457,0.07500024000000849
100,30,random,factorization_machines,0.3,0.7,0,3,79,0.6127174121746367,0.6233267663088959,0.6040181077997666,0.6355086372360844,6,0.05654542299998866,0.06799734200012608
100,30,random,factorization_machines,0.3,0.7,1,3,79,0.5527230428952811,0.5949276503260121,0.5568643277087809,0.7950075642965204,4,0.053695450000304845,0.06559399599973403
100,30,random,factorization_machines,0.3,0.7,2,3,79,0.5497213996503686,0.5642209408032193,0.5409983223389558,0.8694866232827188,2,0.054917925000154355,0.06726884499948937
100,30,random,factorization_machines,0.3,0.9,0,1,73,0.6315702618180459,0.5928600539679254,0.594500390929971,0.6702495201535509,6,0.05516598600024736,0.06748650800000178
100,30,random,factorization_machines,0.3,0.9,1,1,73,0.5917889452061809,0.5565546705957665,0.558541859972245,0.8142965204236006,2,0.053461906999473285,0.06462435699995694
100,30,random,factorization_machines,0.3,0.9,2,1,73,0.5417621872428057,0.4710148668146251,0.49080464931256784,0.6865509761388287,6,0.05310111700055131,0.06416584300040995
100,30,random,factorization_machines,0.5,0.1,0,14,95,0.6805703360966519,0.7147463939569202,0.6775288505665904,0.673320537428023,6,0.07811698100067588,0.09057819499957986
100,30,random,factorization_machines,0.5,0.1,1,14,95,0.6914160401002506,0.6394941900205058,0.6419339810516281,0.8142965204236006,2,0.07647925299988856,0.0907694529996661
100,30,random,factorization_machines,0.5,0.1,2,14,95,0.7900835421888053,0.7162766765398344,0.7357350263843665,0.6979392624728851,4,0.07961060799971165,0.09234696800012898
100,30,random,factorization_machines,0.5,0.3,0,12,85,0.7220693358928653,0.6731499872676343,0.6879950307628723,0.8086372360844529,3,0.07502645000022312,0.0870550669997101
100,30,random,factorization_machines,0.5,0.3,1,12,85,0.6815450562509385,0.6343239113827349,0.6324276463130952,0.8142965204236006,3,0.07597835700016731,0.0882148930004405
100,30,random,factorization_machines,0.5,0.3,2,12,85,0.7341083099906629,0.7211832611832611,0.7133901792408994,0.5182574114244396,6,0.07583318300021347,0.08829839200006973
100,30,random,factorization_machines,0.5,0.5,0,10,75,0.697089059089059,0.6656045806045806,0.6670901408800273,0.8117082533589252,3,0.07539756700043654,0.08638678399984201
100,30,random,factorization_machines,0.5,0.5,1,10,75,0.6860519480519481,0.610116624116624,0.6329661660933703,0.8142965204236006,3,0.07277090700063127,0.08426676800081623
100,30,random,factorization_machines,0.5,0.5,2,10,75,0.7227524697524698,0.7420962000962001,0.7227721342244069,0.8235719450469993,3,0.07241401500050415,0.08412578500065138
100,30,random,factorization_machines,0.5,0.7,0,7,65,0.661541796564421,0.6477726546957316,0.6441030684058316,0.9848368522072937,0,0.18701602599958278,0.20496731699950033
100,30,random,factorization_machines,0.5,0.7,1,7,65,0.6362485164408241,0.6541569968493046,0.6261235333345878,0.8142965204236006,3,0.0903948280001714,0.10269947000051616
100,30,random,factorization_machines,0.5,0.7,2,7,65,0.7116315308623001,0.7113306992153146,0.6943506842749726,0.8694866232827188,2,0.07326595700033067,0.08436186199924123
100,30,random,factorization_machines,0.5,0.9,0,3,55,0.6639371726094214,0.6412393516200158,0.6396832188167405,0.7403071017274472,5,0.07298194499981037,0.08246184699964942
100,30,random,factorization_machines,0.5,0.9,1,3,55,0.6328690753690753,0.6039964076327713,0.6043861734230803,0.8142965204236006,3,0.06993749799949,0.07932591300050262
100,30,random,factorization_machines,0.5,0.9,2,3,55,0.6722644571708742,0.5952646491951306,0.6088735782518655,0.8694866232827188,2,0.06832247100010136,0.07811561800008349
100,30,random,factorization_machines,0.7,0.1,0,20,93,0.7888888888888889,0.7409754224270354,0.7437304034078227,0.8117082533589252,3,0.09323028400012845,0.10627345699958823
100,30,random,factorization_machines,0.7,0.1,1,20,93,0.6890681003584229,0.7140809011776753,0.6750502185986057,0.8142965204236006,3,0.09578406499986158,0.10871860099996411
100,30,random,factorization_machines,0.7,0.1,2,20,93,0.7845622119815667,0.766410650281618,0.7503788923143763,0.6943239334779465,6,0.09613871500005189,0.10878992099969764
100,30,random,factorization_machines,0.7,0.3,0,19,79,0.7453837653204741,0.7561934900542495,0.7313377901985497,0.8086372360844529,2,0.09359526299977006,0.10544976999972278
100,30,random,factorization_machines,0.7,0.3,1,19,79,0.7743369499698614,0.6729857343781395,0.6892067847764051,0.8142965204236006,2,0.08934851100002561,0.10053161500036367
100,30,random,factorization_machines,0.7,0.3,2,19,79,0.7746031746031746,0.7709363070122563,0.7569901741346269,0.6988430947216197,5,0.09183584200036421,0.10355540599994129
100,30,random,factorization_machines,0.7,0.5,0,16,65,0.7659218559218559,0.7762393162393162,0.7547472989554438,0.9848368522072937,0,0.0867891759999111,0.09780148400022881
100,30,random,factorization_machines,0.7,0.5,1,16,65,0.7037590187590188,0.715030525030525,0.688437871567188,0.8142965204236006,3,0.08528658600062045,0.09580092000032892
100,30,random,factorization_machines,0.7,0.5,2,16,65,0.7613980463980463,0.7792857142857142,0.7528708785591377,0.8694866232827188,3,0.08580433699989953,0.0965902139996615
100,30,random,factorization_machines,0.7,0.7,0,12,51,0.6938148996972526,0.6923612879495232,0.6807010459410038,0.8086372360844529,2,0.0836802309995619,0.09332985900073254
100,30,random,factorization_machines,0.7,0.7,1,12,51,0.6686188539129716,0.6761127217009569,0.6544894823910683,0.8142965204236006,3,0.08149639800012665,0.0910189750002246
100,30,random,factorization_machines,0.7,0.7,2,12,51,0.7320565599977364,0.7460812607871431,0.7259857320151636,0.7438539407086044,5,0.09063869999954477,0.10167487899980188
100,30,random,factorization_machines,0.7,0.9,0,6,37,0.6821865821865822,0.6467713967713967,0.6537379327659265,0.7403071017274472,5,0.08178235899958963,0.09041509399958159
100,30,random,factorization_machines,0.7,0.9,1,6,37,0.7346243096243097,0.6345797595797595,0.660780675419254,0.8142965204236006,3,0.0878185419996953,0.09623147000002064
100,30,random,factorization_machines,0.7,0.9,2,6,37,0.6905606030606031,0.7456961956961957,0.6971423436721592,0.6934201012292118,5,0.09259600400037016,0.10224241800005984
100,30,random,factorization_machines,0.9,0.1,0,27,91,0.7509157509157509,0.7014652014652015,0.7043956043956043,0.8086372360844529,3,0.11960707400066894,0.1338367680000374
100,30,random,factorization_machines,0.9,0.1,1,27,91,0.554945054945055,0.554945054945055,0.536996336996337,0.8142965204236006,3,0.13252095400002872,0.14813788099945668
100,30,random,factorization_machines,0.9,0.1,2,27,91,0.6758241758241759,0.6263736263736264,0.6307692307692307,0.9996384671005062,0,0.13471112000024732,0.148053603000335
100,30,random,factorization_machines,0.9,0.3,0,26,73,0.7191780821917808,0.699771689497717,0.6790606653620352,0.9848368522072937,0,0.2582012329994541,0.2730530290000388
100,30,random,factorization_machines,0.9,0.3,1,26,73,0.6952054794520548,0.5981735159817352,0.616764514024788,0.8142965204236006,3,0.3002950119998786,0.323572695000621
100,30,random,factorization_machines,0.9,0.3,2,26,73,0.797945205479452,0.723744292237443,0.7279191128506197,0.824475777295734,3,0.11731596800018451,0.12948079499983578
100,30,random,factorization_machines,0.9,0.5,0,25,55,0.7493939393939394,0.7787878787878788,0.7292352092352092,0.9848368522072937,0,0.11224669800049014,0.12204510500032484
100,30,random,factorization_machines,0.9,0.5,1,25,55,0.6848484848484848,0.6409090909090909,0.6413419913419913,0.9858169440242057,0,0.11395827999967878,0.13189846300065255
100,30,random,factorization_machines,0.9,0.5,2,25,55,0.8363636363636363,0.7893939393939393,0.7816017316017316,0.8235719450469993,3,0.1057966270000179,0.1154816230000506
100,30,random,factorization_machines,0.9,0.7,0,22,37,0.7431788931788932,0.7072072072072072,0.7040813540813541,0.8086372360844529,3,0.09914399500030413,0.10814394900080515
100,30,random,factorization_machines,0.9,0.7,1,22,37,0.8018018018018018,0.746010296010296,0.7295951795951796,0.8142965204236006,3,0.10089328200047021,0.10908406699945772
100,30,random,factorization_machines,0.9,0.7,2,22,37,0.8612612612612612,0.8193050193050193,0.8117955617955618,0.6979392624728851,4,0.09714586600057373,0.10599285399985092
100,30,random,factorization_machines,0.9,0.9,0,14,19,0.6866541353383459,0.6966791979949875,0.6726732056168263,0.8086372360844529,3,0.08881630999985646,0.09578460200009431
100,30,random,factorization_machines,0.9,0.9,1,14,19,0.7711152882205513,0.7868364092048302,0.7654685423750113,0.9665279878971256,2,0.09265751099974295,0.10238727599971753
100,30,random,factorization_machines,0.9,0.9,2,14,19,0.7646616541353384,0.7296783625730994,0.7292326235132167,0.6979392624728851,5,0.10502787099994748,0.11631802299962146
100,30,offline_popularity,classification,0.1,0.1,0,3,99,0.5274971941638609,0.37968211642454064,0.4391222880266636,0.4245681381957774,9,0.22520048200021847,0.24009451000074478
100,30,offline_popularity,classification,0.1,0.1,1,3,99,0.4565656565656566,0.40946175779063476,0.425712941348065,0.3218608169440242,12,0.27128793000065343,0.2844987980006408
100,30,offline_popularity,classification,0.1,0.1,2,3,99,0.5488215488215489,0.3970162907997133,0.4577101752206685,0.37635574837310193,10,0.14275895599985233,0.1581235169996944
100,30,offline_popularity,classification,0.1,0.3,0,2,97,0.5670103092783505,0.5370636719324919,0.5467774904426564,0.49193857965451054,9,0.7927304520007965,0.8055857660001493
100,30,offline_popularity,classification,0.1,0.3,1,2,97,0.4793814432989691,0.4329054931996108,0.44937874683282414,0.4374054462934947,9,0.67702093600019,0.6920742769998469
100,30,offline_popularity,classification,0.1,0.3,2,2,97,0.5041237113402062,0.3968699508496355,0.44156916248620115,0.49511930585683295,9,0.6880297810002958,0.7010588290004307
100,30,offline_popularity,classification,0.1,0.5,0,2,95,0.5708502024291499,0.5884842278735875,0.5755603761450775,0.3871401151631478,10,0.9711521560002438,0.9837348360006217
100,30,offline_popularity,classification,0.1,0.5,1,2,95,0.4652631578947369,0.20259141271525175,0.2801086343273079,0.49319213313161875,10,1.1499604979999276,1.1630663279993314
100,30,offline_popularity,classification,0.1,0.5,2,2,95,0.5119617224880383,0.451913574042057,0.4772109571659132,0.4436008676789588,10,1.0438061360000574,1.0568058549997659
100,30,offline_popularity,classification,0.1,0.7,0,1,93,0.5752688172043011,0.6105835682011653,0.5878895134455582,0.736468330134357,5,1.1819894569998723,1.1950596229999064
100,30,offline_popularity,classification,0.1,0.7,1,1,93,0.5304659498207884,0.4016049468136755,0.45197074347254473,0.466338880484115,8,1.231533099000444,1.2437509279998267
100,30,offline_popularity,classification,0.1,0.7,2,1,93,0.4886499402628435,0.34953265374467807,0.40219577265877227,0.3765365148228489,11,1.425029478000397,1.4375172949994521
100,30,offline_popularity,classification,0.1,0.9,0,0,91,0.5899725274725275,0.6749790552103178,0.625342025326176,0.7385796545105566,5,1.1964073640001516,1.2092107380003654
100,30,offline_popularity,classification,0.1,0.9,1,0,91,0.5620094191522762,0.30447984078355256,0.3915292330323268,0.522125567322239,8,1.2132906819997515,1.2263445739999952
100,30,offline_popularity,classification,0.1,0.9,2,0,91,0.48451548451548454,0.40038585916516034,0.4336897652243941,0.40853217642805495,10,1.223014723000233,1.2357571469992763
100,30,offline_popularity,classification,0.3,0.1,0,8,97,0.5309278350515464,0.3584671056320541,0.42434935666399715,0.4504798464491363,8,1.351112239000031,1.3644691270001204
100,30,offline_popularity,classification,0.3,0.1,1,8,97,0.38144329896907214,0.21723196620103838,0.27214003064518527,0.44251134644478063,11,0.9189034420005555,0.9342308260002028
100,30,offline_popularity,classification,0.3,0.1,2,8,97,0.48195876288659795,0.20127735952478218,0.2813722763995657,0.4267895878524946,9,1.0175266710002688,1.0312920300002588
100,30,offline_popularity,classification,0.3,0.3,0,7,91,0.5228021978021978,0.5072520580762339,0.5092566434008273,0.673320537428023,7,1.3742364469999302,1.3908752480001567
100,30,offline_popularity,classification,0.3,0.3,1,7,91,0.5820076748648177,0.41255993701048643,0.46803826614495825,0.5760211800302572,8,1.2833922959998745,1.2969184940002378
100,30,offline_popularity,classification,0.3,0.3,2,7,91,0.6635590599876314,0.5343886424930381,0.5826529632922459,0.4689081706435286,9,1.2812262150000606,1.2937331799994354
100,30,offline_popularity,classification,0.3,0.5,0,5,85,0.6585646379764027,0.6180689898336957,0.6240731250273585,0.8086372360844529,2,1.371644802999981,1.3839729549999902
100,30,offline_popularity,classification,0.3,0.5,1,5,85,0.6124407944996181,0.4236536665948431,0.47680655561717855,0.47560514372163387,9,1.6671491179995428,1.6794926550001037
100,30,offline_popularity,classification,0.3,0.5,2,5,85,0.6697196594255418,0.5832708468002585,0.612027430688595,0.4074475777295734,9,1.6678836000000956,1.6795761230005155
100,30,offline_popularity,classification,0.3,0.7,0,3,79,0.5890998593530239,0.537494151418202,0.5554308632337772,0.7998080614203454,4,1.9044626479999351,1.9168735829998695
100,30,offline_popularity,classification,0.3,0.7,1,3,79,0.6231062889290738,0.4750517941973638,0.5216344764396702,0.6187594553706506,7,1.3746191199998066,1.3867086919999565
100,30,offline_popularity,classification,0.3,0.7,2,3,79,0.5048901148491617,0.5088664461994007,0.4961982653646712,0.7438539407086044,4,1.8359407100006138,1.8479928460001247
100,30,offline_popularity,classification,0.3,0.9,0,1,73,0.6015981735159817,0.6195136831704329,0.6041009474757398,0.6065259117082533,6,1.4647972410002694,1.4759666689997175
100,30,offline_popularity,classification,0.3,0.9,1,1,73,0.5477549467275494,0.4082377422022869,0.46254709168866387,0.6488275340393344,7,1.8090290270001788,1.8207697460002237
100,30,offline_popularity,classification,0.3,0.9,2,1,73,0.5917808219178082,0.5822542541619898,0.5824700803857855,0.3926247288503254,10,2.1297298810004577,2.1412410709999676
100,30,offline_popularity,classification,0.5,0.1,0,14,95,0.30526315789473685,0.04536796536796537,0.07843776106934001,0.7385796545105566,4,1.2033132140004454,1.2164283869997234
100,30,offline_popularity,classification,0.5,0.1,1,14,95,0.0,0.0,0.0,0.8706505295007564,3,1.1724541730000055,1.1852966500000548
100,30,offline_popularity,classification,0.5,0.1,2,14,95,0.0,0.0,0.0,0.8694866232827188,2,1.9798490269995455,1.9956321629997547
100,30,offline_popularity,classification,0.5,0.3,0,12,85,0.5769573890162125,0.5785510567863509,0.5505640683604625,0.8086372360844529,3,3.6943513810001605,3.712175170999217
100,30,offline_popularity,classification,0.5,0.3,1,12,85,0.592156862745098,0.42264239028944917,0.47124213925251984,0.68910741301059,6,2.900259210000513,2.9133722110000235
100,30,offline_popularity,classification,0.5,0.3,2,12,85,0.663581516522693,0.5533228536169713,0.5818595548896516,0.5997830802603037,8,1.777083109999694,1.7897426389999964
100,30,offline_popularity,classification,0.5,0.5,0,10,75,0.6106419136419137,0.537073371073371,0.5479299304067106,0.8086372360844529,3,2.288130760999593,2.299985896999715
100,30,offline_popularity,classification,0.5,0.5,1,10,75,0.635902837902838,0.5054454064454064,0.53753448890291,0.7639939485627837,5,1.9436941399999341,1.956761216999439
100,30,offline_popularity,classification,0.5,0.5,2,10,75,0.6554862914862915,0.6207578347578347,0.6235941299593204,0.5677874186550976,7,1.7093401450001693,1.7206190160004553
100,30,offline_popularity,classification,0.5,0.7,0,7,65,0.6873421023421024,0.6245744426513657,0.6434088534802783,0.9848368522072937,0,1.8687113810001392,1.879506309000135
100,30,offline_popularity,classification,0.5,0.7,1,7,65,0.6448984348984349,0.5375496725496726,0.5693523034105678,0.8142965204236006,3,2.2388902140000937,2.2503031859996554
100,30,offline_popularity,classification,0.5,0.7,2,7,65,0.6082622932622933,0.5722501430193738,0.5828810011573505,0.3926247288503254,10,1.8778383889994075,1.8883302349995574
100,30,offline_popularity,classification,0.5,0.9,0,3,55,0.5866345270890725,0.5176648767156788,0.5440401815907204,0.7433781190019194,5,2.149809362000269,2.15968494200024
100,30,offline_popularity,classification,0.5,0.9,1,3,55,0.6396221959858324,0.48287394423758057,0.534921142393762,0.8142965204236006,3,1.6474654519997785,1.6578714440001932
100,30,offline_popularity,classification,0.5,0.9,2,3,55,0.6351094864731228,0.5950745956360929,0.6073188239500206,0.5686912509038322,6,1.9571485839996967,1.9666412870001295
100,30,offline_popularity,classification,0.7,0.1,0,20,93,0.2025089605734767,0.10483870967741936,0.13351254480286737,0.9848368522072937,0,1.585489453000264,1.597696404999624
100,30,offline_popularity,classification,0.7,0.1,1,20,93,0.0967741935483871,0.024910394265232973,0.039272913466461855,0.8651664145234493,4,1.3123633719997088,1.3252734069992584
100,30,offline_popularity,classification,0.7,0.1,2,20,93,0.25448028673835127,0.1302099334357399,0.16486601809182455,0.8694866232827188,2,1.776841517000321,1.789343282000118
100,30,offline_popularity,classification,0.7,0.3,0,19,79,0.6257383966244725,0.529746835443038,0.5399035563592526,0.9848368522072937,0,1.6181675079997149,1.6289488359998359
100,30,offline_popularity,classification,0.7,0.3,1,19,79,0.5369198312236286,0.33532248342374926,0.389033189033189,0.8142965204236006,3,1.5021167969998714,1.5154103880004186
100,30,offline_popularity,classification,0.7,0.3,2,19,79,0.529535864978903,0.48315250150693184,0.4812135824794052,0.7438539407086044,4,1.7670143040004405,1.7886888180000824
100,30,offline_popularity,classification,0.7,0.5,0,16,65,0.6095604395604396,0.5782051282051283,0.5666677766677767,0.9848368522072937,0,2.365433678000045,2.37684581800022
100,30,offline_popularity,classification,0.7,0.5,1,16,65,0.6148717948717949,0.4881318681318681,0.5053624153624154,0.9665279878971256,2,1.6174801080005636,1.6293239540000286
100,30,offline_popularity,classification,0.7,0.5,2,16,65,0.6627106227106228,0.545903540903541,0.568607887838657,0.9996384671005062,0,2.475671180000063,2.486193851999815
100,30,offline_popularity,classification,0.7,0.7,0,12,51,0.6789993775287892,0.6013071895424836,0.6055379453303329,0.9848368522072937,0,1.7593096850005168,1.7684795510003823
100,30,offline_popularity,classification,0.7,0.7,1,12,51,0.6596949891067538,0.523062558356676,0.5461411681999917,0.8142965204236006,2,1.875154205000399,1.8852467419992536
100,30,offline_popularity,classification,0.7,0.7,2,12,51,0.7366946778711484,0.6688877571230512,0.681323544690873,0.9996384671005062,0,2.9990467019997595,3.0103208040000027
100,30,offline_popularity,classification,0.7,0.9,0,6,37,0.656868281868282,0.6717905217905218,0.6530014273835785,0.6355086372360844,5,3.4988786989997607,3.51052026600064
100,30,offline_popularity,classification,0.7,0.9,1,6,37,0.746996996996997,0.5887826137826138,0.6384087112415285,0.9858169440242057,0,2.302570602999367,2.3126820830002544
100,30,offline_popularity,classification,0.7,0.9,2,6,37,0.70006000006,0.6605417105417105,0.6725982952325663,0.6934201012292118,6,2.1552848579995043,2.163656403999994
100,30,offline_popularity,classification,0.9,0.1,0,27,91,0.0,0.0,0.0,0.9848368522072937,0,2.288623235999694,2.3007389180002065
100,30,offline_popularity,classification,0.9,0.1,1,27,91,0.0,0.0,0.0,0.9858169440242057,0,1.3896858340003746,1.4022091960005127
100,30,offline_popularity,classification,0.9,0.1,2,27,91,0.0,0.0,0.0,0.9996384671005062,0,2.29865897199943,2.311262369999895
100,30,offline_popularity,classification,0.9,0.3,0,26,73,0.0273972602739726,0.02054794520547945,0.0228310502283105,0.9848368522072937,0,1.7144966300002125,1.7261579730002268
100,30,offline_popularity,classification,0.9,0.3,1,26,73,0.0136986301369863,0.0136986301369863,0.0136986301369863,0.9858169440242057,0,2.0152323479996994,2.0263363829999435
100,30,offline_popularity,classification,0.9,0.3,2,26,73,0.3835616438356164,0.3082191780821918,0.3287671232876712,0.9996384671005062,0,2.5370595129998037,2.5478181899998162
100,30,offline_popularity,classification,0.9,0.5,0,25,55,0.14242424242424243,0.10606060606060605,0.10909090909090909,0.9848368522072937,0,1.6844360479999523,1.6954616389994044
100,30,offline_popularity,classification,0.9,0.5,1,25,55,0.01818181818181818,0.00909090909090909,0.012121212121212121,0.9858169440242057,0,1.912842660000024,1.9229932889993506
100,30,offline_popularity,classification,0.9,0.5,2,25,55,0.5,0.47878787878787876,0.46484848484848484,0.9996384671005062,0,2.1544028010002876,2.1643014520004726
100,30,offline_popularity,classification,0.9,0.7,0,22,37,0.5,0.3941441441441441,0.41171171171171167,0.9848368522072937,0,2.824739147999935,2.832797704000768
100,30,offline_popularity,classification,0.9,0.7,1,22,37,0.3018018018018018,0.22297297297297297,0.23835263835263837,0.9858169440242057,0,2.638681292000001,2.6478741509999963
100,30,offline_popularity,classification,0.9,0.7,2,22,37,0.5382882882882883,0.49324324324324326,0.4925353925353926,0.9996384671005062,0,2.8358668079999916,2.8445724799994423
100,30,offline_popularity,classification,0.9,0.9,0,14,19,0.6275689223057644,0.5533834586466165,0.5582753503806135,0.9848368522072937,0,2.030901453000297,2.0398722489999273
100,30,offline_popularity,classification,0.9,0.9,1,14,19,0.7289473684210526,0.5842105263157894,0.612683223209539,0.9858169440242057,0,2.2736033940000198,2.290048181000202
100,30,offline_popularity,classification,0.9,0.9,2,14,19,0.7098997493734336,0.5536967418546366,0.605869861133019,0.9996384671005062,0,2.774133052000252,2.7825397990000056
100,30,offline_popularity,matrix_factorization,0.1,0.1,0,3,99,0.4095421133299921,0.3928566803566803,0.37446478750274603,0.4245681381957774,9,0.05239882100067916,0.07069943199985573
100,30,offline_popularity,matrix_factorization,0.1,0.1,1,3,99,0.35047706663375744,0.39795892445179437,0.35000819420350876,0.3693267776096823,11,0.04950302900033421,0.06345951599996624
100,30,offline_popularity,matrix_factorization,0.1,0.1,2,3,99,0.4408990148816906,0.49736557922832436,0.41825232284696373,0.37635574837310193,10,0.05608912899970164,0.07069680099994002
100,30,offline_popularity,matrix_factorization,0.1,0.3,0,2,97,0.5183225064129828,0.7615672787080497,0.5947529104640905,0.5602687140115163,8,0.05644897199999832,0.07034592399941175
100,30,offline_popularity,matrix_factorization,0.1,0.3,1,2,97,0.43902542107165465,0.6817543870454726,0.5107040329977062,0.4513993948562784,10,0.04253223999967304,0.05573055400054727
100,30,offline_popularity,matrix_factorization,0.1,0.3,2,2,97,0.4499863307169448,0.525813340860339,0.4454436346976761,0.4267895878524946,9,0.04055032999985997,0.05387200099994516
100,30,offline_popularity,matrix_factorization,0.1,0.5,0,2,95,0.5038218209854968,0.6824248047952628,0.5613194707957914,0.2533589251439539,11,0.05666733199996088,0.07578672399995412
100,30,offline_popularity,matrix_factorization,0.1,0.5,1,2,95,0.43059340435965826,0.6296934180370714,0.48082722721958415,0.4752269288956127,9,0.04381249200014281,0.05651240499992127
100,30,offline_popularity,matrix_factorization,0.1,0.5,2,2,95,0.4354990397870328,0.6089546289623688,0.46507637480876113,0.4436008676789588,10,0.044617826000830973,0.058733527999720536
100,30,offline_popularity,matrix_factorization,0.1,0.7,0,1,93,0.5597503332248164,0.7079267524700961,0.6052980408081055,0.6214971209213052,6,0.061574168000333884,0.07481019100032427
100,30,offline_popularity,matrix_factorization,0.1,0.7,1,1,93,0.4692775514781906,0.580646922653564,0.49999017236304033,0.466338880484115,8,0.04793698899993615,0.062051423999946564
100,30,offline_popularity,matrix_factorization,0.1,0.7,2,1,93,0.4185812498493513,0.40884492970031766,0.36275974791744153,0.3765365148228489,10,0.04380888600007893,0.05751826699997764
100,30,offline_popularity,matrix_factorization,0.1,0.9,0,0,91,0.5899725274725275,0.6749790552103178,0.625342025326176,0.7385796545105566,5,0.03309546400032559,0.0467340069999409
100,30,offline_popularity,matrix_factorization,0.1,0.9,1,0,91,0.47396082178690874,0.8595960607566262,0.6050551182424929,0.522125567322239,8,0.0411368160002894,0.05428514300001552
100,30,offline_popularity,matrix_factorization,0.1,0.9,2,0,91,0.48451548451548454,0.40038585916516034,0.4336897652243941,0.40853217642805495,10,0.035156007000296086,0.0490389269998559
100,30,offline_popularity,matrix_factorization,0.3,0.1,0,8,97,0.48111505938977134,0.6012606808998562,0.4948009097477615,0.4504798464491363,8,0.0720335679998243,0.08742542900017725
100,30,offline_popularity,matrix_factorization,0.3,0.1,1,8,97,0.3190626414925033,0.42798790556522515,0.3173944498870064,0.44251134644478063,11,0.07025277100001404,0.08360757199989166
100,30,offline_popularity,matrix_factorization,0.3,0.1,2,8,97,0.4033331870857006,0.43111599168300196,0.3479933657725774,0.4267895878524946,11,0.0681863820000217,0.10899930999948992
100,30,offline_popularity,matrix_factorization,0.3,0.3,0,7,91,0.4615277619215632,0.622028246478796,0.47435275158804935,0.673320537428023,7,0.2605064030003632,0.29433733699988807
100,30,offline_popularity,matrix_factorization,0.3,0.3,1,7,91,0.304172057071557,0.39732212232212233,0.32000285617748286,0.7235249621785174,6,0.12493922300018312,0.166256742000769
100,30,offline_popularity,matrix_factorization,0.3,0.3,2,7,91,0.3057939746777225,0.37739229634834026,0.3002854928124236,0.457881417208966,9,0.39642292999997153,0.4554272139994282
100,30,offline_popularity,matrix_factorization,0.3,0.5,0,5,85,0.4985959826712877,0.5975821237585944,0.510666859609424,0.5583493282149712,6,0.3814960429999701,0.40029015700019954
100,30,offline_popularity,matrix_factorization,0.3,0.5,1,5,85,0.38327291700994126,0.4568386515445339,0.3909793884698009,0.5251512859304085,9,0.20003794000058406,0.21803926300071907
100,30,offline_popularity,matrix_factorization,0.3,0.5,2,5,85,0.23494471021479643,0.29669410654704775,0.21613826718042276,0.4005784526391902,11,0.1364691969993146,0.16382354500001384
100,30,offline_popularity,matrix_factorization,0.3,0.7,0,3,79,0.517441199771607,0.6450942951315253,0.5342407697917866,0.7998080614203454,3,0.14313050900000235,0.1611813629997414
100,30,offline_popularity,matrix_factorization,0.3,0.7,1,3,79,0.5222696539220818,0.499284242480445,0.4763859126565956,0.6382375189107413,7,0.08989762900000642,0.10897715500050253
100,30,offline_popularity,matrix_factorization,0.3,0.7,2,3,79,0.2829005143025506,0.4207615872172834,0.2910484043673081,0.8694866232827188,2,0.09916930100007448,0.12018754899963824
100,30,offline_popularity,matrix_factorization,0.3,0.9,0,1,73,0.5939804688998888,0.6028042890049337,0.5608832027452928,0.8086372360844529,2,0.10464741099985986,0.12782965600035823
100,30,offline_popularity,matrix_factorization,0.3,0.9,1,1,73,0.5490313149559726,0.5259633798916635,0.5129687395857122,0.6488275340393344,7,0.0693015139995623,0.08183280499997636
100,30,offline_popularity,matrix_factorization,0.3,0.9,2,1,73,0.510661836231729,0.46747536530977307,0.4455091666028152,0.7438539407086044,5,0.08217699300075765,0.09415760200045042
100,30,offline_popularity,matrix_factorization,0.5,0.1,0,14,95,0.3193631806789701,0.31420862762968027,0.25472632630527364,0.7385796545105566,4,0.15251418499974534,0.1763114349996613
100,30,offline_popularity,matrix_factorization,0.5,0.1,1,14,95,0.25137003347529663,0.32676691729323304,0.23241421994803127,0.7191754916792739,6,0.2593198510003276,0.2812883400001738
100,30,offline_popularity,matrix_factorization,0.5,0.1,2,14,95,0.24794915610705084,0.3010526315789474,0.21073112953347597,0.8694866232827188,2,0.11967686299976776,0.13774192500022764
100,30,offline_popularity,matrix_factorization,0.5,0.3,0,12,85,0.42248607601548777,0.4203531109413462,0.3663479270042183,0.6355086372360844,7,0.14601119899998594,0.16678967400002875
100,30,offline_popularity,matrix_factorization,0.5,0.3,1,12,85,0.38279986353515766,0.3190476190476191,0.3145060932713455,0.7950075642965204,4,0.1263369079997574,0.1402673339998728
100,30,offline_popularity,matrix_factorization,0.5,0.3,2,12,85,0.21590703414232826,0.15232238349885407,0.1603195228454744,0.5424801156905278,9,0.10965035099980014,0.12143283499972313
100,30,offline_popularity,matrix_factorization,0.5,0.5,0,10,75,0.49464084281731335,0.38194560994560994,0.36161716497010615,0.9848368522072937,0,0.11322837099942262,0.13201129400022182
100,30,offline_popularity,matrix_factorization,0.5,0.5,1,10,75,0.362973294679177,0.26895430495430495,0.24293225883911035,0.6936459909228442,6,0.10419890499997564,0.11570288599978085
100,30,offline_popularity,matrix_factorization,0.5,0.5,2,10,75,0.41410259308401726,0.3761522921522922,0.2909397608737762,0.7438539407086044,5,0.0888026880002144,0.10013287200035847
100,30,offline_popularity,matrix_factorization,0.5,0.7,0,7,65,0.5802931678413935,0.4119493327185635,0.4054325115997771,0.8117082533589252,2,0.08733796599972266,0.09827306899933319
100,30,offline_popularity,matrix_factorization,0.5,0.7,1,7,65,0.457849424397412,0.4302158952158952,0.4035682000884275,0.8142965204236006,3,0.09059544400042796,0.10305754699948011
100,30,offline_popularity,matrix_factorization,0.5,0.7,2,7,65,0.3815255246328121,0.4518954976647284,0.37566390516927045,0.3926247288503254,9,0.09183751799992024,0.10286545599956298
100,30,offline_popularity,matrix_factorization,0.5,0.9,0,3,55,0.51909048467872,0.5747948145140659,0.527239667927751,0.7403071017274472,5,0.07374735099983809,0.08454242300012993
100,30,offline_popularity,matrix_factorization,0.5,0.9,1,3,55,0.5735934504404812,0.521311113129295,0.4953583200870754,0.8142965204236006,3,0.11471693300063635,0.13796661500055052
100,30,offline_popularity,matrix_factorization,0.5,0.9,2,3,55,0.47675837734520543,0.4142396284642274,0.3889065981422809,0.6943239334779465,7,0.1159502499995142,0.12749938299930363
100,30,offline_popularity,matrix_factorization,0.7,0.1,0,20,93,0.09326676907322069,0.08351254480286738,0.08183137054104797,0.9848368522072937,0,0.2062698179997824,0.21918324800026312
100,30,offline_popularity,matrix_factorization,0.7,0.1,1,20,93,0.12007168458781362,0.04731182795698925,0.06533538146441373,0.8651664145234493,4,0.11946676899970043,0.13220610999997007
100,30,offline_popularity,matrix_factorization,0.7,0.1,2,20,93,0.07437275985663083,0.04103942652329749,0.05034135518006486,0.8694866232827188,2,0.11400675900040369,0.12846480299958785
100,30,offline_popularity,matrix_factorization,0.7,0.3,0,19,79,0.1851416515973478,0.14514767932489453,0.153085100553455,0.9848368522072937,0,0.11730793000060658,0.12843512400013424
100,30,offline_popularity,matrix_factorization,0.7,0.3,1,19,79,0.10548523206751055,0.04789029535864979,0.05822784810126582,0.8142965204236006,3,0.11204332000033901,0.1231802450001851
100,30,offline_popularity,matrix_factorization,0.7,0.3,2,19,79,0.23716596343178623,0.23649789029535864,0.18898843772261495,0.8694866232827188,2,0.1036059899997781,0.1156418720001966
100,30,offline_popularity,matrix_factorization,0.7,0.5,0,16,65,0.3666910866910867,0.2681318681318681,0.281601219293527,0.9848368522072937,0,0.11865062299966667,0.13112138700034848
100,30,offline_popularity,matrix_factorization,0.7,0.5,1,16,65,0.34934065934065933,0.2542857142857143,0.2656632256632257,0.9665279878971256,2,0.10857837599996856,0.11907849900035217
100,30,offline_popularity,matrix_factorization,0.7,0.5,2,16,65,0.4794406875176106,0.3528754578754579,0.34958183596192643,0.6979392624728851,4,0.19388653700025316,0.20505829899957462
100,30,offline_popularity,matrix_factorization,0.7,0.7,0,12,51,0.565566133213192,0.3502256458138811,0.3725047827989004,0.9848368522072937,0,0.10824255600073229,0.11791106100008619
100,30,offline_popularity,matrix_factorization,0.7,0.7,1,12,51,0.45043518572930336,0.3537037037037037,0.33025603836931466,0.9858169440242057,0,0.11598829800004751,0.12892917099998158
100,30,offline_popularity,matrix_factorization,0.7,0.7,2,12,51,0.3770522169743623,0.3461046034575447,0.2942279779168997,0.8740057845263919,3,0.12312278100034746,0.13886049699976866
100,30,offline_popularity,matrix_factorization,0.7,0.9,0,6,37,0.5502854657266422,0.477014577014577,0.46829557959588913,0.6702495201535509,6,0.10835629399934987,0.1172027580005306
100,30,offline_popularity,matrix_factorization,0.7,0.9,1,6,37,0.42857630357630355,0.41176923676923677,0.40084760380345946,0.8142965204236006,2,0.09674415599965869,0.10475362399938604
100,30,offline_popularity,matrix_factorization,0.7,0.9,2,6,37,0.3891574385954518,0.43665081165081165,0.3484962911003567,0.6934201012292118,5,0.1063192829997206,0.11500606900062849
100,30,offline_popularity,matrix_factorization,0.9,0.1,0,27,91,0.0,0.0,0.0,0.9848368522072937,0,0.1420496800001274,0.15439952699944115
100,30,offline_popularity,matrix_factorization,0.9,0.1,1,27,91,0.0,0.0,0.0,0.9858169440242057,0,0.2252458229995682,0.23808763600027305
100,30,offline_popularity,matrix_factorization,0.9,0.1,2,27,91,0.0,0.0,0.0,0.9996384671005062,0,0.14205425099953572,0.1545714579997366
100,30,offline_popularity,matrix_factorization,0.9,0.3,0,26,73,0.0,0.0,0.0,0.9848368522072937,0,0.13871978399947693,0.15024926399928518
100,30,offline_popularity,matrix_factorization,0.9,0.3,1,26,73,0.0,0.0,0.0,0.9858169440242057,0,0.15746034299991152,0.16863438699965627
100,30,offline_popularity,matrix_factorization,0.9,0.3,2,26,73,0.0547945205479452,0.0547945205479452,0.0547945205479452,0.9996384671005062,0,0.13894315799916512,0.15011924600003113
100,30,offline_popularity,matrix_factorization,0.9,0.5,0,25,55,0.01818181818181818,0.01818181818181818,0.01818181818181818,0.9848368522072937,0,0.13869634799993946,0.15017749700018612
100,30,offline_popularity,matrix_factorization,0.9,0.5,1,25,55,0.0,0.0,0.0,0.9858169440242057,0,0.23921821799922327,0.2497810719996778
100,30,offline_popularity,matrix_factorization,0.9,0.5,2,25,55,0.14545454545454545,0.11515151515151514,0.12424242424242424,0.9996384671005062,0,0.13864237699999649,0.1483599700004561
100,30,offline_popularity,matrix_factorization,0.9,0.7,0,22,37,0.14864864864864866,0.0945945945945946,0.1036036036036036,0.9848368522072937,0,0.13429742800053646,0.14244012200015277
100,30,offline_popularity,matrix_factorization,0.9,0.7,1,22,37,0.10810810810810811,0.06756756756756757,0.08108108108108109,0.9858169440242057,0,0.12412978099928296,0.13433000599980005
100,30,offline_popularity,matrix_factorization,0.9,0.7,2,22,37,0.35135135135135137,0.1981981981981982,0.24414414414414415,0.9996384671005062,0,0.13675609700021596,0.14539367700035655
100,30,offline_popularity,matrix_factorization,0.9,0.9,0,14,19,0.35100250626566415,0.27518796992481204,0.2670951855162381,0.9848368522072937,0,0.2007786459998897,0.20782975400015857
100,30,offline_popularity,matrix_factorization,0.9,0.9,1,14,19,0.3748538011695906,0.3423558897243108,0.32388985283722127,0.9858169440242057,0,0.1862999889999628,0.21889274500063038
100,30,offline_popularity,matrix_factorization,0.9,0.9,2,14,19,0.38303429027113234,0.3666666666666667,0.3082210956172175,0.9996384671005062,0,0.13095576600062486,0.1379731309998533
100,30,offline_popularity,factorization_machines,0.1,0.1,0,3,99,0.4927257927257927,0.44622118902421937,0.45532669517812985,0.4245681381957774,9,0.032992436999847996,0.04667630299991288
100,30,offline_popularity,factorization_machines,0.1,0.1,1,3,99,0.337509065009065,0.3882166745580293,0.3503304514427634,0.5366868381240545,8,0.03768961100013257,0.05265070499990543
100,30,offline_popularity,factorization_machines,0.1,0.1,2,3,99,0.4884883634883635,0.44811400060954426,0.458334717133847,0.5065075921908894,8,0.03998519799915812,0.05312730700006796
100,30,offline_popularity,factorization_machines,0.1,0.3,0,2,97,0.45256169946891595,0.4773278877045913,0.458203362572246,0.5276391554702495,8,0.0324630300001445,0.045544554999651155
100,30,offline_popularity,factorization_machines,0.1,0.3,1,2,97,0.4508715460807638,0.5811099385083618,0.48639106280278815,0.3086232980332829,13,0.03154045799965388,0.04428949900011503
100,30,offline_popularity,factorization_machines,0.1,0.3,2,2,97,0.4109359207600566,0.4831404268866367,0.43846627398717725,0.4267895878524946,10,0.04153335400042124,0.06084795399965515
100,30,offline_popularity,factorization_machines,0.1,0.5,0,2,95,0.49083548030916446,0.4919069203658579,0.4869651640792127,0.4197696737044146,9,0.03713608700036275,0.056089126999722794
100,30,offline_popularity,factorization_machines,0.1,0.5,1,2,95,0.4138167817734381,0.5651001707271057,0.471889265680884,0.3829425113464448,11,0.04041055200013943,0.054157628000211844
100,30,offline_popularity,factorization_machines,0.1,0.5,2,2,95,0.5346194433452052,0.645114828412042,0.5600841964340435,0.4689081706435286,8,0.03485518300021795,0.04747478900026181
100,30,offline_popularity,factorization_machines,0.1,0.7,0,1,93,0.5067652329749104,0.557562594811671,0.5253347254461025,0.8464491362763915,4,0.03161329500017018,0.04383584700008214
100,30,offline_popularity,factorization_machines,0.1,0.7,1,1,93,0.42930107526881717,0.5246317881991507,0.4643560661169399,0.4909228441754917,10,0.030943075999857683,0.04406515200025751
100,30,offline_popularity,factorization_machines,0.1,0.7,2,1,93,0.512772890192245,0.5129827134833127,0.5010301680194263,0.4953000723065799,10,0.03152752500045608,0.045395768999696884
100,30,offline_popularity,factorization_machines,0.1,0.9,0,0,91,0.5884372979961215,0.677708194203193,0.6256235246957953,0.7385796545105566,5,0.03185164499973325,0.04676829799973348
100,30,offline_popularity,factorization_machines,0.1,0.9,1,0,91,0.5307764131293543,0.7385555356972872,0.6108910347678967,0.522125567322239,8,0.030765506000534515,0.044194489000801696
100,30,offline_popularity,factorization_machines,0.1,0.9,2,0,91,0.48934255520389974,0.526830420077962,0.5015436904900977,0.40853217642805495,10,0.033197820999703254,0.04721319799955381
100,30,offline_popularity,factorization_machines,0.3,0.1,0,8,97,0.5223008663730313,0.45648884334451345,0.4570505002293424,0.4971209213051823,8,0.048641545999998925,0.061071815000104834
100,30,offline_popularity,factorization_machines,0.3,0.1,1,8,97,0.3316990737851866,0.4226037994079231,0.35224693833478987,0.4678517397881997,9,0.04919672400046693,0.06310162999943714
100,30,offline_popularity,factorization_machines,0.3,0.1,2,8,97,0.47557981823445744,0.4987006693192261,0.46006594072997953,0.5524222704266089,8,0.0522994530001597,0.06610118000025977
100,30,offline_popularity,factorization_machines,0.3,0.3,0,7,91,0.45239976750965766,0.500119630064685,0.45871376604031844,0.7416506717850287,4,0.050592300000062096,0.06333676999929594
100,30,offline_popularity,factorization_machines,0.3,0.3,1,7,91,0.4234379204150919,0.4465363696132927,0.41083730084760345,0.5478441754916793,9,0.0510391450006864,0.0636252019994572
100,30,offline_popularity,factorization_machines,0.3,0.3,2,7,91,0.5658405391921876,0.5428014750816949,0.5353079360223992,0.457881417208966,10,0.05093100799967942,0.06366857300054107
100,30,offline_popularity,factorization_machines,0.3,0.5,0,5,85,0.55528060175119,0.5676674142850613,0.5433056633001127,0.4971209213051823,8,0.048377523999988625,0.0613341849993958
100,30,offline_popularity,factorization_machines,0.3,0.5,1,5,85,0.4896446999852572,0.549166585048938,0.5021031976174013,0.8142965204236006,3,0.050068532999830495,0.06341797099958058
100,30,offline_popularity,factorization_machines,0.3,0.5,2,5,85,0.5920634594164006,0.4734950996715703,0.5038680372358384,0.4005784526391902,10,0.04843655199965724,0.060386327999367495
100,30,offline_popularity,factorization_machines,0.3,0.7,0,3,79,0.4722084525881995,0.4858231028093277,0.4705586536448185,0.8464491362763915,3,0.04647130900048069,0.05813829400085524
100,30,offline_popularity,factorization_machines,0.3,0.7,1,3,79,0.5244931229108444,0.5634037903025245,0.5341428177087142,0.6187594553706506,7,0.04660541100020055,0.058335799999440496
100,30,offline_popularity,factorization_machines,0.3,0.7,2,3,79,0.5480412695602569,0.5220860343690222,0.5263075295221756,0.7438539407086044,7,0.04914489200018579,0.061075996999534254
100,30,offline_popularity,factorization_machines,0.3,0.9,0,1,73,0.5684768427919114,0.5853046356243057,0.5628844211513232,0.7403071017274472,5,0.058990362000258756,0.07439849700040213
100,30,offline_popularity,factorization_machines,0.3,0.9,1,1,73,0.45529470529470534,0.45708426455807594,0.4498611117462084,0.6488275340393344,7,0.06560396300028515,0.07967428299980384
100,30,offline_popularity,factorization_machines,0.3,0.9,2,1,73,0.5267353516749166,0.5653403651590598,0.5305266286272423,0.7438539407086044,5,0.05062098799953674,0.06172258500009775
100,30,offline_popularity,factorization_machines,0.5,0.1,0,14,95,0.36114566719829877,0.3499050656945394,0.3195313595932791,0.7385796545105566,4,0.06724634900001547,0.08004488700044021
100,30,offline_popularity,factorization_machines,0.5,0.1,1,14,95,0.4530500493658388,0.45630743525480366,0.40595380539652987,0.890695915279879,4,0.0693074760001764,0.082906544999787
100,30,offline_popularity,factorization_machines,0.5,0.1,2,14,95,0.486850547113705,0.5315037593984963,0.4583561880156307,0.7438539407086044,4,0.06953736600007687,0.08209201299996494
100,30,offline_popularity,factorization_machines,0.5,0.3,0,12,85,0.5177943298531533,0.625776249893897,0.536981441937734,0.6355086372360844,6,0.17796863700004906,0.19164550100049382
100,30,offline_popularity,factorization_machines,0.5,0.3,1,12,85,0.5370269599681364,0.5453828197945845,0.5133786092901008,0.8142965204236006,3,0.06540626100013469,0.0776504980003665
100,30,offline_popularity,factorization_machines,0.5,0.3,2,12,85,0.6523095205448147,0.5579228940993647,0.5701347593625076,0.8694866232827188,2,0.06396993900034431,0.07901904000027571
100,30,offline_popularity,factorization_machines,0.5,0.5,0,10,75,0.5827446997446997,0.62003293003293,0.575064652925334,0.8086372360844529,4,0.06289751100030117,0.0740130140002293
100,30,offline_popularity,factorization_machines,0.5,0.5,1,10,75,0.5116455026455027,0.4908268398268398,0.4826595367709919,0.8142965204236006,3,0.0675382819999868,0.0794255280006837
100,30,offline_popularity,factorization_machines,0.5,0.5,2,10,75,0.6118100788100788,0.6622403892403892,0.6060867994770269,0.7438539407086044,7,0.07505296100043779,0.08792210100000375
100,30,offline_popularity,factorization_machines,0.5,0.7,0,7,65,0.6136198843891152,0.6396842046842046,0.6042725628626412,0.8117082533589252,2,0.06641521199981071,0.07698635399992781
100,30,offline_popularity,factorization_machines,0.5,0.7,1,7,65,0.5629870129870129,0.5869191919191918,0.5625268268667318,0.8142965204236006,3,0.06203508500038879,0.07248893400083034
100,30,offline_popularity,factorization_machines,0.5,0.7,2,7,65,0.6007151822536437,0.5900061050061051,0.5770050829412375,0.6979392624728851,5,0.06771925200064288,0.07923409000068204
100,30,offline_popularity,factorization_machines,0.5,0.9,0,3,55,0.5070175783812148,0.5418822903181192,0.5122091067954466,0.7433781190019194,5,0.06375368999943021,0.07431566399918665
100,30,offline_popularity,factorization_machines,0.5,0.9,1,3,55,0.5472772681863591,0.5991889423707606,0.5640016881265183,0.9858169440242057,0,0.06268919299964182,0.07245795699964219
100,30,offline_popularity,factorization_machines,0.5,0.9,2,3,55,0.6000397166707327,0.6090745425103714,0.5844157439973625,0.5677874186550976,9,0.06349769600001309,0.07366739999997662
100,30,offline_popularity,factorization_machines,0.7,0.1,0,20,93,0.36507936507936506,0.3618279569892473,0.3242020822665984,0.9848368522072937,0,0.11611498599995684,0.13119464099963807
100,30,offline_popularity,factorization_machines,0.7,0.1,1,20,93,0.3892089093701997,0.35089605734767026,0.33640517188904284,0.9858169440242057,0,0.08760618999986036,0.10001252399979421
100,30,offline_popularity,factorization_machines,0.7,0.1,2,20,93,0.41864652671104285,0.4249615975422427,0.3864829316442219,0.8694866232827188,2,0.08337927600041439,0.09645725400059746
100,30,offline_popularity,factorization_machines,0.7,0.3,0,19,79,0.590084388185654,0.5350210970464135,0.5186357243319268,0.9848368522072937,0,0.0819887479992758,0.09346062999975402
100,30,offline_popularity,factorization_machines,0.7,0.3,1,19,79,0.5042194092827005,0.352833031946956,0.3765457467989114,0.8142965204236006,3,0.08539196199944854,0.09669542099982209
100,30,offline_popularity,factorization_machines,0.7,0.3,2,19,79,0.6188818565400844,0.5902652200120554,0.5639666240932064,0.8694866232827188,2,0.08326063100048486,0.09479621799982851
100,30,offline_popularity,factorization_machines,0.7,0.5,0,16,65,0.6353479853479853,0.5897069597069597,0.5870550816704664,0.9848368522072937,0,0.07950839699969947,0.09028204199967149
100,30,offline_popularity,factorization_machines,0.7,0.5,1,16,65,0.6562271062271062,0.5519047619047619,0.5645987345987347,0.9665279878971256,2,0.0822941289998198,0.09244191600009799
100,30,offline_popularity,factorization_machines,0.7,0.5,2,16,65,0.6671489621489621,0.6262148962148962,0.6113734104005597,0.9996384671005062,0,0.08486818899928039,0.09519521000038367
100,30,offline_popularity,factorization_machines,0.7,0.7,0,12,51,0.5769452225334578,0.5765406162464985,0.5561642989843681,0.9848368522072937,0,0.07556085600026563,0.08527565499935008
100,30,offline_popularity,factorization_machines,0.7,0.7,1,12,51,0.6317693744164332,0.6037581699346406,0.5883283383283383,0.9665279878971256,2,0.07881415600058972,0.0881077540007027
100,30,offline_popularity,factorization_machines,0.7,0.7,2,12,51,0.7129841835724188,0.7215905554140849,0.699369133871046,0.9996384671005062,0,0.0786984329997722,0.0882924429997729
100,30,offline_popularity,factorization_machines,0.7,0.9,0,6,37,0.6138313064783653,0.6450784950784951,0.6116098070593965,0.8086372360844529,2,0.07388978699964355,0.08239007799966203
100,30,offline_popularity,factorization_machines,0.7,0.9,1,6,37,0.6548797298797299,0.6792471042471042,0.6506470666916219,0.9665279878971256,2,0.07563995300006354,0.08469109700035915
100,30,offline_popularity,factorization_machines,0.7,0.9,2,6,37,0.6480703980703981,0.6932969432969432,0.6574828275804181,0.6979392624728851,7,0.07572470000013709,0.085444173999349
100,30,offline_popularity,factorization_machines,0.9,0.1,0,27,91,0.02197802197802198,0.02197802197802198,0.02197802197802198,0.9848368522072937,0,0.1047222020006302,0.12194146900037595
100,30,offline_popularity,factorization_machines,0.9,0.1,1,27,91,0.02197802197802198,0.02197802197802198,0.02197802197802198,0.9858169440242057,0,0.11832044599941582,0.1347614070000418
100,30,offline_popularity,factorization_machines,0.9,0.1,2,27,91,0.31868131868131866,0.25274725274725274,0.26373626373626374,0.9996384671005062,0,0.10341125800005102,0.11616748999949777
100,30,offline_popularity,factorization_machines,0.9,0.3,0,26,73,0.0273972602739726,0.02054794520547945,0.0228310502283105,0.9848368522072937,0,0.09669074500015995,0.10897424599988881
100,30,offline_popularity,factorization_machines,0.9,0.3,1,26,73,0.00684931506849315,0.0136986301369863,0.0091324200913242,0.9858169440242057,0,0.10173103300076036,0.11260754300019471
100,30,offline_popularity,factorization_machines,0.9,0.3,2,26,73,0.2899543378995434,0.2876712328767123,0.2753424657534247,0.9996384671005062,0,0.10229756899934728,0.11311913999998069
100,30,offline_popularity,factorization_machines,0.9,0.5,0,25,55,0.1,0.07878787878787878,0.08181818181818182,0.9848368522072937,0,0.0980400689995804,0.10811508999995567
100,30,offline_popularity,factorization_machines,0.9,0.5,1,25,55,0.0,0.0,0.0,0.9858169440242057,0,0.09665733400015597,0.10639687500042783
100,30,offline_popularity,factorization_machines,0.9,0.5,2,25,55,0.5303030303030303,0.5454545454545454,0.5145454545454545,0.9996384671005062,0,0.10578387399982603,0.11473965400000452
100,30,offline_popularity,factorization_machines,0.9,0.7,0,22,37,0.5135135135135135,0.3671171171171171,0.4018018018018018,0.9848368522072937,0,0.0923420700000861,0.10147698699984176
100,30,offline_popularity,factorization_machines,0.9,0.7,1,22,37,0.32432432432432434,0.21846846846846849,0.25045045045045045,0.9858169440242057,0,0.09129676399970776,0.09958275200006028
100,30,offline_popularity,factorization_machines,0.9,0.7,2,22,37,0.5990990990990991,0.581081081081081,0.5681467181467181,0.9996384671005062,0,0.09324973700040573,0.10195789999943372
100,30,offline_popularity,factorization_machines,0.9,0.9,0,14,19,0.5802005012531328,0.5845864661654135,0.5538388512072722,0.9848368522072937,0,0.09043741200002842,0.09743914699993184
100,30,offline_popularity,factorization_machines,0.9,0.9,1,14,19,0.7368421052631579,0.6180451127819548,0.643179919495709,0.9858169440242057,0,0.09050199499961309,0.09771072600051411
100,30,offline_popularity,factorization_machines,0.9,0.9,2,14,19,0.7643483709273182,0.6558061821219716,0.6826888539736837,0.9996384671005062,0,0.11189976199966623,0.12001002299984975
100,30,offline_consensus,classification,0.1,0.1,0,3,99,0.5126262626262627,0.4846351289028839,0.4941762824977615,0.4245681381957774,10,0.1614745459992264,0.1746712670001216
100,30,offline_consensus,classification,0.1,0.1,1,3,99,0.4511784511784512,0.4903019110683995,0.46432616211766414,0.3470121028744327,12,0.14445506799984287,0.1575855490000322
100,30,offline_consensus,classification,0.1,0.1,2,3,99,0.5454545454545454,0.4922812926823622,0.5138796263718253,0.6332248734634852,7,0.15065394900011597,0.16494857700035936
100,30,offline_consensus,classification,0.1,0.3,0,2,97,0.5883652430044183,0.6111881439428437,0.5950997816891619,0.7126679462571976,6,0.7428130719999899,0.755584889999227
100,30,offline_consensus,classification,0.1,0.3,1,2,97,0.5223367697594501,0.5452886317577039,0.5241598080663016,0.6302950075642966,7,0.7182753899996897,0.7360005080008705
100,30,offline_consensus,classification,0.1,0.3,2,2,97,0.5182755388940956,0.4344713537254471,0.4699730605968073,0.5524222704266089,8,0.7924610390000453,0.8052227540001695
100,30,offline_consensus,classification,0.1,0.5,0,2,95,0.5908771929824561,0.6733076633593987,0.6245554687488936,0.7385796545105566,5,0.940985535999971,0.9546005189995412
100,30,offline_consensus,classification,0.1,0.5,1,2,95,0.4929824561403509,0.24615887724246857,0.3255002808880571,0.42776096822995463,11,1.0633968510001068,1.0762392849992466
100,30,offline_consensus,classification,0.1,0.5,2,2,95,0.5360323886639676,0.5198411761956654,0.5242027094838005,0.6449746926970354,6,1.4811139040002672,1.4937880910001695
100,30,offline_consensus,classification,0.1,0.7,0,1,93,0.5913978494623656,0.6399346139359123,0.6098727579991955,0.7297504798464491,5,1.2623159450004096,1.2752730430001975
100,30,offline_consensus,classification,0.1,0.7,1,1,93,0.5623655913978495,0.4473800901245224,0.49309569991042196,0.5888804841149773,7,1.228540064000299,1.2409494610001275
100,30,offline_consensus,classification,0.1,0.7,2,1,93,0.49139784946236564,0.3797244194065826,0.4233624175954943,0.5526030368763557,9,1.2866976109999086,1.3028823669992562
100,30,offline_consensus,classification,0.1,0.9,0,0,91,0.5899725274725275,0.6749790552103178,0.625342025326176,0.7385796545105566,5,1.4094847470005334,1.4235925869998027
100,30,offline_consensus,classification,0.1,0.9,1,0,91,0.5620094191522762,0.30447984078355256,0.3915292330323268,0.522125567322239,8,1.1580572670000038,1.171459185000458
100,30,offline_consensus,classification,0.1,0.9,2,0,91,0.48451548451548454,0.40038585916516034,0.4336897652243941,0.40853217642805495,10,1.4183826650005358,1.4312266239994642
100,30,offline_consensus,classification,0.3,0.1,0,8,97,0.5860428231562252,0.669347522970931,0.6189711149759992,0.6702495201535509,7,1.397364694999851,1.416122441999505
100,30,offline_consensus,classification,0.3,0.1,1,8,97,0.4793814432989691,0.5444572895603823,0.4986934050929913,0.4451588502269289,9,0.9234819980001703,0.9365244509999684
100,30,offline_consensus,classification,0.3,0.1,2,8,97,0.48568155784650624,0.4265509976850183,0.451396060487695,0.3510484454085322,11,1.173827695,1.1869249709998257
100,30,offline_consensus,classification,0.3,0.3,0,7,91,0.5714285714285714,0.7001745812185373,0.6237803925149263,0.5633397312859885,8,1.3075859410000703,1.320280953999827
100,30,offline_consensus,classification,0.3,0.3,1,7,91,0.5146520146520147,0.282098777291085,0.3600189411853754,0.39069591527987896,12,1.5822979129998203,1.5957545020000907
100,30,offline_consensus,classification,0.3,0.3,2,7,91,0.4824175824175824,0.453289262629922,0.46311399765402417,0.457881417208966,10,1.4524638379998578,1.466977460000635
100,30,offline_consensus,classification,0.3,0.5,0,5,85,0.5755656108597286,0.6349298884506497,0.5977147060247863,0.5343570057581574,7,1.4106444270000793,1.422872654999992
100,30,offline_consensus,classification,0.3,0.5,1,5,85,0.6201680672268908,0.37972719226179436,0.46346713139390483,0.4563161875945537,12,1.3297354090000226,1.3419870570005514
100,30,offline_consensus,classification,0.3,0.5,2,5,85,0.6502148178618767,0.5624546128611873,0.5969686118257221,0.49313087490961677,9,3.526938558999973,3.540637740999955
100,30,offline_consensus,classification,0.3,0.7,0,3,79,0.5746835443037974,0.6702123606951761,0.6131713579846727,0.6748560460652591,5,3.003772838000259,3.0247960200003945
100,30,offline_consensus,classification,0.3,0.7,1,3,79,0.589873417721519,0.48495077459150426,0.5249806252573291,0.6488275340393344,7,2.2444437840003957,2.257612374999553
100,30,offline_consensus,classification,0.3,0.7,2,3,79,0.5757654441198745,0.44424456262691553,0.4931935780092869,0.5,8,1.8910488719993737,1.9028122210002039
100,30,offline_consensus,classification,0.3,0.9,0,1,73,0.6015981735159817,0.6195136831704329,0.6041009474757398,0.6065259117082533,6,1.737264716000027,1.7495246580001549
100,30,offline_consensus,classification,0.3,0.9,1,1,73,0.5835616438356165,0.46679427207227364,0.5131277535016123,0.6488275340393344,7,1.3847736529996837,1.396282307000547
100,30,offline_consensus,classification,0.3,0.9,2,1,73,0.5628891656288917,0.4534484362445684,0.49813328512299015,0.7438539407086044,5,1.9638961830005428,1.9756036670005415
100,30,offline_consensus,classification,0.5,0.1,0,14,95,0.5674641148325359,0.737678286625655,0.637182249116348,0.31880998080614203,12,1.5646593430001303,1.5786176769997837
100,30,offline_consensus,classification,0.5,0.1,1,14,95,0.42456140350877186,0.1662914862914863,0.23597507755402494,0.4470499243570348,9,1.3512865780003267,1.3637708140004179
100,30,offline_consensus,classification,0.5,0.1,2,14,95,0.48947368421052634,0.5596741854636591,0.5165318273058211,0.37635574837310193,11,1.345760066999901,1.359591360000195
100,30,offline_consensus,classification,0.5,0.3,0,12,85,0.6323210776151953,0.7377121244768303,0.6716644184910043,0.8117082533589252,3,2.0993457230006243,2.11184900400076
100,30,offline_consensus,classification,0.5,0.3,1,12,85,0.6134661743485272,0.6215174694586459,0.599751321934523,0.5058623298033282,8,1.927313793000394,1.941973125000004
100,30,offline_consensus,classification,0.5,0.3,2,12,85,0.6787143248907955,0.6943268822680587,0.6771078294152811,0.5515184381778742,8,2.083953072999975,2.0969357809999565
100,30,offline_consensus,classification,0.5,0.5,0,10,75,0.6493680763680764,0.7027402597402597,0.6644777375349458,0.8117082533589252,3,1.9595036600003368,1.9714424109997708
100,30,offline_consensus,classification,0.5,0.5,1,10,75,0.657932215932216,0.6256053576053576,0.6283946518874504,0.830748865355522,4,1.5669893119993503,1.5781293410000217
100,30,offline_consensus,classification,0.5,0.5,2,10,75,0.6008255078255078,0.6118849668849669,0.5968261291014016,0.5677874186550976,7,2.467280243999994,2.4787936900002023
100,30,offline_consensus,classification,0.5,0.7,0,7,65,0.5665734265734266,0.5412433217863082,0.5457278346146917,0.7433781190019194,5,2.239263112000117,2.2504718760001197
100,30,offline_consensus,classification,0.5,0.7,1,7,65,0.5937612814535892,0.4723234884773346,0.5143598333381822,0.8142965204236006,2,1.6400287140004366,1.6510499799996978
100,30,offline_consensus,classification,0.5,0.7,2,7,65,0.676229198152275,0.6990174355558971,0.6797246778766609,0.5677874186550976,8,2.0446294670000498,2.054878115000065
100,30,offline_consensus,classification,0.5,0.9,0,3,55,0.6187878787878788,0.5923299368486534,0.5971713496442798,0.7403071017274472,5,1.665529967999646,1.6750000599995474
100,30,offline_consensus,classification,0.5,0.9,1,3,55,0.6061252383979657,0.5170070749215134,0.5488904001014252,0.8142965204236006,3,2.2255245589994956,2.2510902000003625
100,30,offline_consensus,classification,0.5,0.9,2,3,55,0.6101652892561984,0.5534179738858883,0.5741339417476804,0.8694866232827188,2,2.2853206199997658,2.2958838679996916
100,30,offline_consensus,classification,0.7,0.1,0,20,93,0.5593061955965182,0.6082949308755761,0.5576631254050608,0.5654510556621881,7,1.8560315160002574,1.8708153509996919
100,30,offline_consensus,classification,0.7,0.1,1,20,93,0.5661290322580645,0.5101638504864311,0.5099071776491131,0.8252647503782148,4,1.7269860169999447,1.7396183729997574
100,30,offline_consensus,classification,0.7,0.1,2,20,93,0.5908346134152586,0.6252176139272914,0.5937010420881388,0.648590021691974,7,2.991729704000136,3.007032751999759
100,30,offline_consensus,classification,0.7,0.3,0,19,79,0.6922041390395821,0.7523608599557967,0.7020803387891995,0.8086372360844529,3,1.8172467969998252,1.829028699000446
100,30,offline_consensus,classification,0.7,0.3,1,19,79,0.6367138838657825,0.673091219610207,0.629781435161182,0.8606278366111951,3,1.640056100000038,1.6512191680003525
100,30,offline_consensus,classification,0.7,0.3,2,19,79,0.6847850110508339,0.7576451677717501,0.7075185383822763,0.6979392624728851,6,1.9984514389998367,2.0096317039997302
100,30,offline_consensus,classification,0.7,0.5,0,16,65,0.7337268287268287,0.7363991563991563,0.7220324650343702,0.9848368522072937,0,2.0351445830001467,2.0469403960005366
100,30,offline_consensus,classification,0.7,0.5,1,16,65,0.7044383394383394,0.7139782439782439,0.6951698946709663,0.68910741301059,5,2.157706388999941,2.1688870730004055
100,30,offline_consensus,classification,0.7,0.5,2,16,65,0.6890159840159841,0.6874603174603174,0.6700332409513167,0.5677874186550976,7,1.7144962939992183,1.7253707270001541
100,30,offline_consensus,classification,0.7,0.7,0,12,51,0.6535170167523109,0.6988285679462151,0.6610439343265918,0.9848368522072937,0,1.96367227599967,1.973677112000587
100,30,offline_consensus,classification,0.7,0.7,1,12,51,0.6993117448999802,0.6749229528641294,0.672779437982062,0.9665279878971256,2,1.6924927689997276,1.7023991149999347
100,30,offline_consensus,classification,0.7,0.7,2,12,51,0.6856343547520019,0.700640209463739,0.680032404869886,0.5182574114244396,9,1.8134627039999032,1.8268879059996834
100,30,offline_consensus,classification,0.7,0.9,0,6,37,0.5501915126915127,0.5704564579564579,0.5521791870098367,0.7385796545105566,5,2.6989511910005604,2.7116679060000024
100,30,offline_consensus,classification,0.7,0.9,1,6,37,0.5691880191880191,0.48206384456384455,0.5076476666724344,0.8651664145234493,4,1.8416539459994965,1.8524935870000263
100,30,offline_consensus,classification,0.7,0.9,2,6,37,0.7204237204237205,0.7112527112527113,0.7061890309035931,0.7438539407086044,5,2.915185688000747,2.9254961090000506
100,30,offline_consensus,classification,0.9,0.1,0,27,91,0.358974358974359,0.42124542124542125,0.367032967032967,0.9147792706333974,2,1.6411255399998481,1.654176703000303
100,30,offline_consensus,classification,0.9,0.1,1,27,91,0.5476190476190477,0.6996336996336996,0.5736263736263737,0.6773827534039334,5,2.275383387999682,2.2878059539998503
100,30,offline_consensus,classification,0.9,0.1,2,27,91,0.6758241758241759,0.684981684981685,0.6538461538461539,0.9996384671005062,0,1.596620164000342,1.6090317700000014
100,30,offline_consensus,classification,0.9,0.3,0,26,73,0.3926940639269407,0.4143835616438356,0.3692759295499021,0.9848368522072937,0,2.0447226349997436,2.0550627660004466
100,30,offline_consensus,classification,0.9,0.3,1,26,73,0.5433789954337899,0.5833333333333334,0.5295499021526419,0.8142965204236006,2,2.5419808520000515,2.5531882569994195
100,30,offline_consensus,classification,0.9,0.3,2,26,73,0.44406392694063923,0.5787671232876712,0.47827788649706454,0.6979392624728851,5,1.6468159579999337,1.6588829180000175
100,30,offline_consensus,classification,0.9,0.5,0,25,55,0.7787878787878788,0.6733333333333333,0.6974170274170274,0.9848368522072937,0,2.5574896090001857,2.567661674000192
100,30,offline_consensus,classification,0.9,0.5,1,25,55,0.7090909090909091,0.7396969696969696,0.70004329004329,0.8142965204236006,2,1.781044639999891,1.7916155799994158
100,30,offline_consensus,classification,0.9,0.5,2,25,55,0.6490909090909092,0.6363636363636364,0.6154401154401155,0.7438539407086044,7,2.5620810000000347,2.5718441760000132
100,30,offline_consensus,classification,0.9,0.7,0,22,37,0.7054697554697554,0.7387387387387387,0.6940212940212941,0.8086372360844529,3,2.1944295249995776,2.2024061809997875
100,30,offline_consensus,classification,0.9,0.7,1,22,37,0.7756113256113256,0.7718146718146718,0.7503507003507004,0.9858169440242057,0,1.7473968419999437,1.756031895999513
100,30,offline_consensus,classification,0.9,0.7,2,22,37,0.6748069498069498,0.6613899613899614,0.6354688854688855,0.8740057845263919,5,2.5607693239999207,2.568791945999692
100,30,offline_consensus,classification,0.9,0.9,0,14,19,0.6513575605680868,0.787907268170426,0.7049287906343471,0.9848368522072937,0,2.6862105709997195,2.69494720900002
100,30,offline_consensus,classification,0.9,0.9,1,14,19,0.7590225563909774,0.7914673046251993,0.7623637031409559,0.9665279878971256,2,2.55875289999949,2.567815403000168
100,30,offline_consensus,classification,0.9,0.9,2,14,19,0.6914445203918888,0.7701868307131465,0.7133895570509551,0.6934201012292118,6,2.756416903999707,2.764408915000786
100,30,offline_consensus,matrix_factorization,0.1,0.1,0,3,99,0.4365910667897252,0.3979257330685701,0.3768363546122065,0.6095969289827255,9,0.04351752900038264,0.05656643600013922
100,30,offline_consensus,matrix_factorization,0.1,0.1,1,3,99,0.42229107886894535,0.5918959119048246,0.461622959452035,0.3693267776096823,12,0.04551403000004939,0.06007939300070575
100,30,offline_consensus,matrix_factorization,0.1,0.1,2,3,99,0.4603227511432526,0.6411360137518783,0.4837691124754448,0.35900216919739697,11,0.04629821100024856,0.05978421800045908
100,30,offline_consensus,matrix_factorization,0.1,0.3,0,2,97,0.5570916552357215,0.6464758861514471,0.5705197493677058,0.5959692898272553,7,0.04581856200002221,0.05887347600037174
100,30,offline_consensus,matrix_factorization,0.1,0.3,1,2,97,0.5126941503140517,0.5164000947506102,0.4619601714711172,0.49319213313161875,9,0.04200166200007516,0.057719858000382374
100,30,offline_consensus,matrix_factorization,0.1,0.3,2,2,97,0.4881899678089727,0.3952960926278088,0.41013004857975,0.4267895878524946,9,0.07968737299961504,0.11137619300006918
100,30,offline_consensus,matrix_factorization,0.1,0.5,0,2,95,0.6048960951553495,0.6229611352383065,0.5581590513876942,0.6047984644913628,6,0.15985183300017525,0.18814401300005557
100,30,offline_consensus,matrix_factorization,0.1,0.5,1,2,95,0.49154089769879244,0.29157438278955305,0.33547528561948353,0.3829425113464448,11,0.04854743800024153,0.06206220400054008
100,30,offline_consensus,matrix_factorization,0.1,0.5,2,2,95,0.5007834497056465,0.6045427955257676,0.5146274587036983,0.37635574837310193,11,0.050655627000196546,0.06531869399987045
100,30,offline_consensus,matrix_factorization,0.1,0.7,0,1,93,0.5609021499563794,0.7422119751741244,0.6271157995977956,0.7297504798464491,5,0.06336237699997582,0.08279947499977425
100,30,offline_consensus,matrix_factorization,0.1,0.7,1,1,93,0.4921308719158181,0.5444037651430541,0.5038175075322731,0.4773071104387292,9,0.04572992100020201,0.06386024600033124
100,30,offline_consensus,matrix_factorization,0.1,0.7,2,1,93,0.4931725579317675,0.6025788885371428,0.5212925729133213,0.3774403470715835,11,0.044044354999641655,0.05732234900006006
100,30,offline_consensus,matrix_factorization,0.1,0.9,0,0,91,0.5899725274725275,0.6749790552103178,0.625342025326176,0.7385796545105566,5,0.03952167199986434,0.052332625000417465
100,30,offline_consensus,matrix_factorization,0.1,0.9,1,0,91,0.47396082178690874,0.8595960607566262,0.6050551182424929,0.522125567322239,8,0.04057817899956717,0.05347353799970733
100,30,offline_consensus,matrix_factorization,0.1,0.9,2,0,91,0.48451548451548454,0.40038585916516034,0.4336897652243941,0.40853217642805495,10,0.036334912999336666,0.0485732420002023
100,30,offline_consensus,matrix_factorization,0.3,0.1,0,8,97,0.5549844123600945,0.7576291978353834,0.6167298269763039,0.6236084452975048,6,0.07808306100014306,0.09139641299952928
100,30,offline_consensus,matrix_factorization,0.3,0.1,1,8,97,0.4182377506385677,0.5940663860766954,0.4443621823341557,0.4574508320726172,10,0.07435834799980512,0.08857505600008153
100,30,offline_consensus,matrix_factorization,0.3,0.1,2,8,97,0.4151402357851242,0.47947253204985163,0.40156651251475856,0.5524222704266089,7,0.07130691499969544,0.08421350299977348
100,30,offline_consensus,matrix_factorization,0.3,0.3,0,7,91,0.5337648929343344,0.8218496247342401,0.6351863808288526,0.5633397312859885,8,0.0741448210001181,0.08838299899980484
100,30,offline_consensus,matrix_factorization,0.3,0.3,1,7,91,0.4849147329267004,0.7163722266744245,0.5335489119555278,0.4773071104387292,9,0.07783437200032495,0.0906751680004163
100,30,offline_consensus,matrix_factorization,0.3,0.3,2,7,91,0.4681900081772168,0.5744230128845513,0.4673364048746232,0.457881417208966,9,0.05983189600010519,0.07294765400001779
100,30,offline_consensus,matrix_factorization,0.3,0.5,0,5,85,0.5737394196588332,0.5474619286903023,0.5278713546726396,0.8464491362763915,4,0.06423679899944545,0.07628472200030956
100,30,offline_consensus,matrix_factorization,0.3,0.5,1,5,85,0.5364436568053476,0.6669176315802614,0.5089894323052543,0.6520423600605144,6,0.07356518900087394,0.0853235720005614
100,30,offline_consensus,matrix_factorization,0.3,0.5,2,5,85,0.5131206500199477,0.6989807040326071,0.5449220385919193,0.3512292118582791,12,0.06534937399919727,0.07751003599969408
100,30,offline_consensus,matrix_factorization,0.3,0.7,0,3,79,0.5849781649319596,0.5475083987742216,0.5379882913429426,0.8086372360844529,2,0.06198679400040419,0.07358882500011532
100,30,offline_consensus,matrix_factorization,0.3,0.7,1,3,79,0.5418520842984244,0.7105950194837015,0.570248529876446,0.6427760968229954,7,0.06387850900046033,0.07501973400030693
100,30,offline_consensus,matrix_factorization,0.3,0.7,2,3,79,0.5474414333908004,0.7213956660531493,0.5606248346560732,0.8694866232827188,2,0.06871870700069849,0.08275391999995918
100,30,offline_consensus,matrix_factorization,0.3,0.9,0,1,73,0.5939804688998888,0.6028042890049337,0.5608832027452928,0.8086372360844529,2,0.07444806400053494,0.08665112099970429
100,30,offline_consensus,matrix_factorization,0.3,0.9,1,1,73,0.5246318140298025,0.6852571526423259,0.5833718486145811,0.6488275340393344,7,0.07385857299959753,0.08486820600046485
100,30,offline_consensus,matrix_factorization,0.3,0.9,2,1,73,0.5425866880125367,0.45802486639513235,0.45669951533672953,0.6865509761388287,5,0.05814371199994639,0.06897476199992525
100,30,offline_consensus,matrix_factorization,0.5,0.1,0,14,95,0.443219324535114,0.5102297410192147,0.4379838306283815,0.4197696737044146,9,0.0768385710007351,0.08920914200007246
100,30,offline_consensus,matrix_factorization,0.5,0.1,1,14,95,0.44426170320907166,0.6911695906432749,0.5075536418687441,0.3436081694402421,14,0.10642619499958528,0.12078583900074591
100,30,offline_consensus,matrix_factorization,0.5,0.1,2,14,95,0.4692585776796303,0.6403299916457812,0.49591222225783793,0.37635574837310193,11,0.08687641199958307,0.09990672500043729
100,30,offline_consensus,matrix_factorization,0.5,0.3,0,12,85,0.5566076080781963,0.5571523574464751,0.5284772903798027,0.8117082533589252,4,0.08560420100002375,0.09707023099963408
100,30,offline_consensus,matrix_factorization,0.5,0.3,1,12,85,0.5316428995840761,0.8377935789700496,0.6178892317769408,0.5126701966717095,8,0.1040271540005051,0.11549796700001025
100,30,offline_consensus,matrix_factorization,0.5,0.3,2,12,85,0.4561300483445812,0.5583723792547322,0.46438795865654836,0.2859725234996385,12,0.16392639199966652,0.17585388499992405
100,30,offline_consensus,matrix_factorization,0.5,0.5,0,10,75,0.5611871395431767,0.5470532060532061,0.5152429695351516,0.5654510556621881,7,0.08141670999975759,0.09220499099956214
100,30,offline_consensus,matrix_factorization,0.5,0.5,1,10,75,0.5352608943057859,0.8397559477559478,0.6260061400178037,0.6488275340393344,7,0.12730352800008404,0.14967611199972453
100,30,offline_consensus,matrix_factorization,0.5,0.5,2,10,75,0.575316107639637,0.4973517593517593,0.4899727247165392,0.5677874186550976,7,0.08228739300011512,0.09354707799957396
100,30,offline_consensus,matrix_factorization,0.5,0.7,0,7,65,0.5418074972974949,0.49867728802117944,0.4927312870506982,0.7403071017274472,5,0.0881407440001567,0.09943850999934511
100,30,offline_consensus,matrix_factorization,0.5,0.7,1,7,65,0.502431605475472,0.7495200099046252,0.5632726803168213,0.7950075642965204,4,0.1384076099993763,0.14929606199984846
100,30,offline_consensus,matrix_factorization,0.5,0.7,2,7,65,0.5508747034736401,0.4915193780578396,0.46847896533979155,0.7438539407086044,5,0.08333975200002897,0.09382855099920562
100,30,offline_consensus,matrix_factorization,0.5,0.9,0,3,55,0.6481932283402871,0.5674786577059304,0.5800721967468465,0.8086372360844529,4,0.0773666269997193,0.08735081799932232
100,30,offline_consensus,matrix_factorization,0.5,0.9,1,3,55,0.5516748088684847,0.7600970672227357,0.615071763457299,0.8142965204236006,2,0.10092747599992435,0.11044729700006428
100,30,offline_consensus,matrix_factorization,0.5,0.9,2,3,55,0.5433097571835931,0.5121056453944154,0.48522831576919556,0.7438539407086044,7,0.08426436600075249,0.09467287700044835
100,30,offline_consensus,matrix_factorization,0.7,0.1,0,20,93,0.4397550776583034,0.6676267281105991,0.48650794001837644,0.5671785028790787,8,0.11376326199933828,0.12658976200054894
100,30,offline_consensus,matrix_factorization,0.7,0.1,1,20,93,0.46743898276156337,0.5246927803379416,0.4147122924162772,0.8252647503782148,4,0.10821370600024238,0.12210344600043754
100,30,offline_consensus,matrix_factorization,0.7,0.1,2,20,93,0.4982462877624168,0.5571940604198669,0.4813222918061627,0.5184381778741866,9,0.1907456180006193,0.2023488670001825
100,30,offline_consensus,matrix_factorization,0.7,0.3,0,19,79,0.4929708477176832,0.6723578460920233,0.520375410949342,0.673320537428023,6,0.1014121050002359,0.11280113100019662
100,30,offline_consensus,matrix_factorization,0.7,0.3,1,19,79,0.5528873728240817,0.6994775969459514,0.557636813400618,0.6488275340393344,7,0.12346147700009169,0.13469489999988582
100,30,offline_consensus,matrix_factorization,0.7,0.3,2,19,79,0.6042732935137998,0.6585242113723127,0.592517375484613,0.5911062906724512,7,0.11542461999943043,0.12817702400025155
100,30,offline_consensus,matrix_factorization,0.7,0.5,0,16,65,0.5917911148680379,0.5547741147741149,0.5165378087288066,0.9848368522072937,0,0.10273130599944125,0.11297108399958233
100,30,offline_consensus,matrix_factorization,0.7,0.5,1,16,65,0.5636890033043879,0.8991319791319791,0.664419053387141,0.8142965204236006,2,0.17614924999998038,0.18811001500034763
100,30,offline_consensus,matrix_factorization,0.7,0.5,2,16,65,0.5852762621993391,0.6465201465201466,0.5665169560758054,0.3926247288503254,9,0.11738087599951541,0.12947130700013076
100,30,offline_consensus,matrix_factorization,0.7,0.7,0,12,51,0.585954785954786,0.5820147717206541,0.5355523304984082,0.9848368522072937,0,0.10843045599995094,0.1181326200003241
100,30,offline_consensus,matrix_factorization,0.7,0.7,1,12,51,0.5917133488067744,0.6130717321893793,0.5154966849013629,0.8142965204236006,2,0.2132825539993064,0.22252241399928607
100,30,offline_consensus,matrix_factorization,0.7,0.7,2,12,51,0.5572773903656256,0.5950376420964656,0.5257662484400176,0.6440708604483008,6,0.1050796959998479,0.11872786000003543
100,30,offline_consensus,matrix_factorization,0.7,0.9,0,6,37,0.6004154509572466,0.6283504783504784,0.593807436904598,0.5671785028790787,7,0.10143375200004812,0.11029506100021536
100,30,offline_consensus,matrix_factorization,0.7,0.9,1,6,37,0.5589618995578748,0.6971386346386347,0.5892661476404596,0.8142965204236006,2,0.13787225900068734,0.14623669200045697
100,30,offline_consensus,matrix_factorization,0.7,0.9,2,6,37,0.542363658269231,0.5475159225159225,0.5002749201255124,0.5677874186550976,9,0.10178366899981484,0.11300246999962837
100,30,offline_consensus,matrix_factorization,0.9,0.1,0,27,91,0.32967032967032966,0.32783882783882784,0.3051282051282051,0.9147792706333974,2,0.17313372700027685,0.18666784900051425
100,30,offline_consensus,matrix_factorization,0.9,0.1,1,27,91,0.37545787545787546,0.42857142857142855,0.36923076923076925,0.6936459909228442,6,0.16066873899944767,0.17318553700079065
100,30,offline_consensus,matrix_factorization,0.9,0.1,2,27,91,0.5091575091575092,0.5824175824175825,0.5113553113553113,0.6979392624728851,4,0.29161928400026227,0.3159944360004374
100,30,offline_consensus,matrix_factorization,0.9,0.3,0,26,73,0.4509132420091324,0.5422374429223744,0.4535551206784083,0.9848368522072937,0,0.25735439599975507,0.27176482300001226
100,30,offline_consensus,matrix_factorization,0.9,0.3,1,26,73,0.4805936073059361,0.6529680365296804,0.5104370515329419,0.8142965204236006,2,0.14425375900009385,0.1551009230006457
100,30,offline_consensus,matrix_factorization,0.9,0.3,2,26,73,0.5182648401826484,0.7454337899543378,0.5716242661448141,0.6979392624728851,6,0.13890246099981596,0.14983062600003905
100,30,offline_consensus,matrix_factorization,0.9,0.5,0,25,55,0.5678787878787879,0.6136363636363636,0.5546897546897547,0.9848368522072937,0,0.12735619799968845,0.13751149000017904
100,30,offline_consensus,matrix_factorization,0.9,0.5,1,25,55,0.5427272727272727,0.6406060606060606,0.5521500721500722,0.8142965204236006,3,0.1299574720005694,0.13967050300016126
100,30,offline_consensus,matrix_factorization,0.9,0.5,2,25,55,0.5860606060606061,0.6409090909090909,0.5915007215007215,0.7438539407086044,7,0.21876899099970615,0.23020596700007445
100,30,offline_consensus,matrix_factorization,0.9,0.7,0,22,37,0.6792792792792792,0.7198198198198198,0.6683273183273183,0.9848368522072937,0,0.13341945499996655,0.14139425399935135
100,30,offline_consensus,matrix_factorization,0.9,0.7,1,22,37,0.6605855855855856,0.755083655083655,0.6641543141543141,0.8142965204236006,2,0.13007916700007627,0.13856242000019847
100,30,offline_consensus,matrix_factorization,0.9,0.7,2,22,37,0.5619369369369369,0.5853281853281853,0.5365148365148366,0.9996384671005062,0,0.12787379000019428,0.13633478399970045
100,30,offline_consensus,matrix_factorization,0.9,0.9,0,14,19,0.5247750787224471,0.6251670843776107,0.5537129808435006,0.8464491362763915,4,0.11445013800039305,0.12170613999933266
100,30,offline_consensus,matrix_factorization,0.9,0.9,1,14,19,0.7227041963884069,0.7091763499658237,0.6752943893142687,0.9665279878971256,2,0.23409582499971293,0.24181080700054736
100,30,offline_consensus,matrix_factorization,0.9,0.9,2,14,19,0.5817522389890811,0.5871534897850686,0.5337327632036843,0.5677874186550976,9,0.13315390400020988,0.14013657800023793
100,30,offline_consensus,factorization_machines,0.1,0.1,0,3,99,0.47617189208098304,0.4784983060724219,0.45904721962397793,0.354510556621881,10,0.032843590999618755,0.04594094099957147
100,30,offline_consensus,factorization_machines,0.1,0.1,1,3,99,0.4190031216347006,0.4997445365092424,0.44340579271168407,0.43078668683812404,10,0.037070053999741504,0.053615390000231855
100,30,offline_consensus,factorization_machines,0.1,0.1,2,3,99,0.47150506620203586,0.4864294186041067,0.4730866238739157,0.6804049168474331,7,0.039193393000459764,0.052592065999306215
100,30,offline_consensus,factorization_machines,0.1,0.3,0,2,97,0.4634136105649942,0.42970283287900024,0.43599238244006955,0.1383877159309021,16,0.03689460700024938,0.050172555999779433
100,30,offline_consensus,factorization_machines,0.1,0.3,1,2,97,0.4675994108983799,0.4711036672376879,0.45609243625328927,0.7199319213313162,5,0.032822692999616265,0.04609743299988622
100,30,offline_consensus,factorization_machines,0.1,0.3,2,2,97,0.46051791850760926,0.5006112452670972,0.465849340955936,0.4267895878524946,12,0.0350514949996068,0.04953336699963984
100,30,offline_consensus,factorization_machines,0.1,0.5,0,2,95,0.5207946336429309,0.5702014377996127,0.534158507205105,0.4197696737044146,9,0.035451959999591054,0.04954541899951437
100,30,offline_consensus,factorization_machines,0.1,0.5,1,2,95,0.38899475409170703,0.4211100500806383,0.39391564101625054,0.3829425113464448,11,0.04157023300012952,0.059470347000569745
100,30,offline_consensus,factorization_machines,0.1,0.5,2,2,95,0.46534308876986225,0.41132590663550417,0.41829014279472837,0.25072306579898773,14,0.04874730800020188,0.06339315599961992
100,30,offline_consensus,factorization_machines,0.1,0.7,0,1,93,0.5419690665870632,0.5386178542874838,0.5318345552672445,0.7297504798464491,4,0.04424868400019477,0.06312478600011673
100,30,offline_consensus,factorization_machines,0.1,0.7,1,1,93,0.44523604163072855,0.42414515711105144,0.4274115566061586,0.4752269288956127,9,0.03234262000023591,0.04592043200045737
100,30,offline_consensus,factorization_machines,0.1,0.7,2,1,93,0.43392047021079283,0.410779148113114,0.4150519446062799,0.3926247288503254,14,0.0353818779994981,0.04865214899928105
100,30,offline_consensus,factorization_machines,0.1,0.9,0,0,91,0.5884372979961215,0.677708194203193,0.6256235246957953,0.7385796545105566,5,0.03018914699987363,0.04386688100021274
100,30,offline_consensus,factorization_machines,0.1,0.9,1,0,91,0.5307764131293543,0.7385555356972872,0.6108910347678967,0.522125567322239,8,0.031550534999951196,0.044177922000017134
100,30,offline_consensus,factorization_machines,0.1,0.9,2,0,91,0.48934255520389974,0.526830420077962,0.5015436904900977,0.40853217642805495,10,0.03260194999984378,0.045492362000004505
100,30,offline_consensus,factorization_machines,0.3,0.1,0,8,97,0.5132130419274142,0.5823961464046363,0.5257988423589456,0.48982725527831095,9,0.05139096099992457,0.06512584899974172
100,30,offline_consensus,factorization_machines,0.3,0.1,1,8,97,0.46545373767374343,0.5591949001742816,0.4611164287285342,0.6302950075642966,7,0.05094568700042146,0.0683486219995757
100,30,offline_consensus,factorization_machines,0.3,0.1,2,8,97,0.4903580239920446,0.4640367650676929,0.4513276470730212,0.4267895878524946,8,0.06338285299989366,0.07982749100028741
100,30,offline_consensus,factorization_machines,0.3,0.3,0,7,91,0.5268657823160595,0.6200753306522537,0.5614686011296778,0.5566218809980806,6,0.05195297399950505,0.06833015299980616
100,30,offline_consensus,factorization_machines,0.3,0.3,1,7,91,0.46664280416889364,0.5116315766041041,0.4611785162580986,0.4835476550680787,10,0.051937908000581956,0.06489295699975628
100,30,offline_consensus,factorization_machines,0.3,0.3,2,7,91,0.5405005994414668,0.5608034212429817,0.5345260391547138,0.5307302964569776,9,0.1537296510005035,0.1663072719993579
100,30,offline_consensus,factorization_machines,0.3,0.5,0,5,85,0.5011137555255203,0.45138487521705517,0.4492636348203828,0.8464491362763915,4,0.046790860000328394,0.05934573600006843
100,30,offline_consensus,factorization_machines,0.3,0.5,1,5,85,0.5021813327003638,0.46471012071358087,0.44567523056076797,0.6580937972768532,6,0.049854224999762664,0.0626069030004146
100,30,offline_consensus,factorization_machines,0.3,0.5,2,5,85,0.567770328479671,0.5993890932212732,0.5696523790887827,0.3512292118582791,10,0.05050945199946,0.06348714999967342
100,30,offline_consensus,factorization_machines,0.3,0.7,0,3,79,0.5183439977743776,0.4949878121077714,0.47399511393644445,0.6702495201535509,6,0.048657107000508404,0.060215775999495236
100,30,offline_consensus,factorization_machines,0.3,0.7,1,3,79,0.4399335705856849,0.4751548866869046,0.435610158972242,0.47579425113464446,11,0.04665118400043866,0.05835293299969635
100,30,offline_consensus,factorization_machines,0.3,0.7,2,3,79,0.572687252519091,0.588237813935878,0.5616799828561071,0.8694866232827188,2,0.04806467100024747,0.05989482099994348
100,30,offline_consensus,factorization_machines,0.3,0.9,0,1,73,0.5684768427919114,0.5853046356243057,0.5628844211513232,0.7403071017274472,5,0.04909625700020115,0.06104742199931934
100,30,offline_consensus,factorization_machines,0.3,0.9,1,1,73,0.52527501037775,0.46065347603421736,0.48170810221868354,0.46425869894099847,12,0.048436849999234255,0.06007192000015493
100,30,offline_consensus,factorization_machines,0.3,0.9,2,1,73,0.4992112909921129,0.435951671437167,0.45692775932354845,0.4237165582067968,13,0.04673088799972902,0.057716562000678096
100,30,offline_consensus,factorization_machines,0.5,0.1,0,14,95,0.5397680681891208,0.5709292169818485,0.5262504123247441,0.5959692898272553,7,0.06780177299970092,0.08024700700025278
100,30,offline_consensus,factorization_machines,0.5,0.1,1,14,95,0.5176541441015126,0.6001454393559656,0.5252649499971163,0.580748865355522,8,0.07692596499964566,0.0902546520001124
100,30,offline_consensus,factorization_machines,0.5,0.1,2,14,95,0.5428387986282723,0.6417627401837928,0.5613294406998667,0.5182574114244396,6,0.07002425700011372,0.08393877100024838
100,30,offline_consensus,factorization_machines,0.5,0.3,0,12,85,0.6225246159069688,0.6192728186845834,0.6044335798483613,0.673320537428023,5,0.06434795499990287,0.07625013100005162
100,30,offline_consensus,factorization_machines,0.5,0.3,1,12,85,0.5508454617278147,0.6398650369238604,0.573602901961948,0.5506807866868382,9,0.0674961760005317,0.08133720599926164
100,30,offline_consensus,factorization_machines,0.5,0.3,2,12,85,0.6357284871990755,0.6266250742721331,0.6094212404923212,0.1440708604483008,13,0.07902724100040359,0.09243553499982227
100,30,offline_consensus,factorization_machines,0.5,0.5,0,10,75,0.6292513412513412,0.6217790357790358,0.6063869295515726,0.5654510556621881,7,0.06770078199951968,0.07879328000035457
100,30,offline_consensus,factorization_machines,0.5,0.5,1,10,75,0.5108160543160544,0.6014456654456655,0.5347936229854974,0.5058623298033282,10,0.06374929799949314,0.07498234700051398
100,30,offline_consensus,factorization_machines,0.5,0.5,2,10,75,0.6282660672660673,0.5902379842379842,0.5923845183391646,0.6372017353579176,6,0.06492299199999252,0.0784140039995691
100,30,offline_consensus,factorization_machines,0.5,0.7,0,7,65,0.5282542294307,0.4741208314058993,0.4856700879019806,0.7416506717850287,5,0.06428506599968387,0.07600878300036129
100,30,offline_consensus,factorization_machines,0.5,0.7,1,7,65,0.4995430547859698,0.5696346388654081,0.5145246497459476,0.68910741301059,5,0.06064219400013826,0.07136173399976542
100,30,offline_consensus,factorization_machines,0.5,0.7,2,7,65,0.6737015812242056,0.6569453623299777,0.6516930133327096,0.6865509761388287,5,0.06043369899998652,0.07081157999982679
100,30,offline_consensus,factorization_machines,0.5,0.9,0,3,55,0.6164090395641197,0.47120131947672056,0.5153300482110489,0.8464491362763915,4,0.06276951899963024,0.0727156359998844
100,30,offline_consensus,factorization_machines,0.5,0.9,1,3,55,0.5703523509982841,0.5901188873515076,0.5647080447354701,0.8142965204236006,3,0.06292756700077007,0.07371271700048965
100,30,offline_consensus,factorization_machines,0.5,0.9,2,3,55,0.6283116883116883,0.6069392550408592,0.6098427860045375,0.8694866232827188,2,0.0611224599997513,0.0715210449998267
100,30,offline_consensus,factorization_machines,0.7,0.1,0,20,93,0.5091909882232463,0.6122247823860727,0.5103510306546359,0.5654510556621881,7,0.083442369000295,0.0958124670005418
100,30,offline_consensus,factorization_machines,0.7,0.1,1,20,93,0.5763867554190135,0.5383128520225294,0.5250500694049081,0.7639939485627837,5,0.08579247800025769,0.09895952199985913
100,30,offline_consensus,factorization_machines,0.7,0.1,2,20,93,0.6258064516129033,0.6304403481822837,0.6087394684168878,0.648590021691974,5,0.08468847700078186,0.09696779000023525
100,30,offline_consensus,factorization_machines,0.7,0.3,0,19,79,0.6216546112115733,0.7082027325698212,0.6450297489389075,0.8086372360844529,2,0.08151605399962136,0.09291599600055633
100,30,offline_consensus,factorization_machines,0.7,0.3,1,19,79,0.5860056258790436,0.6665059272654209,0.5934645791868427,0.6427760968229954,7,0.08178422899982252,0.0939546790004897
100,30,offline_consensus,factorization_machines,0.7,0.3,2,19,79,0.6958659835242114,0.7015019087803898,0.6805992200072617,0.4609544468546638,8,0.12183238099987648,0.14006472199980635
100,30,offline_consensus,factorization_machines,0.7,0.5,0,16,65,0.6492940392940393,0.6316794316794317,0.6187594750252526,0.9848368522072937,0,0.10410258600040834,0.11999578399991151
100,30,offline_consensus,factorization_machines,0.7,0.5,1,16,65,0.6532323659246736,0.834020424020424,0.7132601210440136,0.8142965204236006,2,0.10257516000001488,0.11764923200007615
100,30,offline_consensus,factorization_machines,0.7,0.5,2,16,65,0.7333311133311133,0.7702442002442003,0.7365183567457919,0.5677874186550976,9,0.10412978000022122,0.11752710400014621
100,30,offline_consensus,factorization_machines,0.7,0.7,0,12,51,0.622005772005772,0.6250495691672162,0.6049394489881295,0.9848368522072937,0,0.1048102069999004,0.11769085099967924
100,30,offline_consensus,factorization_machines,0.7,0.7,1,12,51,0.653765352294764,0.6960412136882725,0.6489403411166691,0.8142965204236006,2,0.0991229259998363,0.11011268299989752
100,30,offline_consensus,factorization_machines,0.7,0.7,2,12,51,0.6934089875266346,0.7646380308145014,0.7124264633932629,0.5182574114244396,6,0.08495238500017877,0.09501551000084874
100,30,offline_consensus,factorization_machines,0.7,0.9,0,6,37,0.5406269803328627,0.5395986145986147,0.5318335909956585,0.5671785028790787,7,0.10461068899985548,0.11319892200026516
100,30,offline_consensus,factorization_machines,0.7,0.9,1,6,37,0.5297194028231179,0.652021252021252,0.5731333070597648,0.8651664145234493,4,0.1031177659997411,0.11166905800018867
100,30,offline_consensus,factorization_machines,0.7,0.9,2,6,37,0.7315358815358816,0.7479203604203604,0.7263936034321834,0.8694866232827188,2,0.1048412999998618,0.11554011299995182
100,30,offline_consensus,factorization_machines,0.9,0.1,0,27,91,0.358974358974359,0.4963369963369963,0.3934065934065934,0.9147792706333974,2,0.10647720900033164,0.12029481599984138
100,30,offline_consensus,factorization_machines,0.9,0.1,1,27,91,0.6318681318681318,0.6282051282051282,0.6051282051282051,0.9858169440242057,0,0.10176061600031971,0.11389163100011501
100,30,offline_consensus,factorization_machines,0.9,0.1,2,27,91,0.5970695970695971,0.6391941391941391,0.5802197802197802,0.6979392624728851,4,0.10046126500037644,0.11298887799966906
100,30,offline_consensus,factorization_machines,0.9,0.3,0,26,73,0.4520547945205479,0.4897260273972603,0.4306588388780169,0.9848368522072937,0,0.12550596499931999,0.13825278500007698
100,30,offline_consensus,factorization_machines,0.9,0.3,1,26,73,0.4942922374429224,0.6061643835616438,0.5198303979125897,0.8142965204236006,2,0.1004545389996565,0.11248886499924993
100,30,offline_consensus,factorization_machines,0.9,0.3,2,26,73,0.5993150684931506,0.7226027397260274,0.6157208088714938,0.8740057845263919,3,0.09828820700022334,0.10982622299979994
100,30,offline_consensus,factorization_machines,0.9,0.5,0,25,55,0.8106060606060607,0.7269696969696969,0.7417027417027416,0.9848368522072937,0,0.10114822200011986,0.11224285500065889
100,30,offline_consensus,factorization_machines,0.9,0.5,1,25,55,0.7054545454545454,0.7790909090909092,0.7136940836940836,0.8142965204236006,3,0.12465311699997983,0.1368646399996578
100,30,offline_consensus,factorization_machines,0.9,0.5,2,25,55,0.653030303030303,0.6681818181818182,0.6412121212121212,0.8694866232827188,2,0.10186919499938085,0.11230776900083583
100,30,offline_consensus,factorization_machines,0.9,0.7,0,22,37,0.7225225225225226,0.7463963963963964,0.7132561132561133,0.8086372360844529,3,0.09335981500044,0.1020064310005182
100,30,offline_consensus,factorization_machines,0.9,0.7,1,22,37,0.7867117117117117,0.826962676962677,0.7881079881079881,0.8142965204236006,3,0.09622255899921583,0.10497980200034362
100,30,offline_consensus,factorization_machines,0.9,0.7,2,22,37,0.7857464607464607,0.7274131274131275,0.7212359712359712,0.8694866232827188,2,0.09054161299991392,0.09960237300037988
100,30,offline_consensus,factorization_machines,0.9,0.9,0,14,19,0.6671470342522974,0.7300125313283208,0.6891095986012069,0.6355086372360844,5,0.09088723600052617,0.09768000399981247
100,30,offline_consensus,factorization_machines,0.9,0.9,1,14,19,0.7774986709197236,0.8105130249867092,0.7813047077304858,0.9858169440242057,0,0.08823833700080286,0.09529007899982389
100,30,offline_consensus,factorization_machines,0.9,0.9,2,14,19,0.6798816680395628,0.7450634161160476,0.6952409003203897,0.6979392624728851,4,0.09401421700022183,0.10572036699977616
100,30,offline_controversiality,classification,0.1,0.1,0,3,99,0.4939393939393939,0.39785510999860374,0.43806773233119073,0.4245681381957774,10,0.17309783499968034,0.19310741499975848
100,30,offline_controversiality,classification,0.1,0.1,1,3,99,0.44107744107744107,0.454913169619052,0.4426713201674604,0.3526853252647504,11,0.18391497500033438,0.2012661050002862
100,30,offline_controversiality,classification,0.1,0.1,2,3,99,0.5353535353535354,0.46437314748366443,0.49377201963204675,0.6332248734634852,6,0.1679357130005883,0.18137533899971459
100,30,offline_controversiality,classification,0.1,0.3,0,2,97,0.5900079302141158,0.5836441792579483,0.583477435316839,0.7126679462571976,6,0.7741351629993005,0.7906018639996546
100,30,offline_controversiality,classification,0.1,0.3,1,2,97,0.528584817244611,0.4978779373715699,0.5039730098100125,0.6302950075642966,7,0.6908047489996534,0.7037795480000568
100,30,offline_controversiality,classification,0.1,0.3,2,2,97,0.5171821305841924,0.4626757137142219,0.48389502879076723,0.5524222704266089,7,0.7381328700002996,0.7509454810005991
100,30,offline_controversiality,classification,0.1,0.5,0,2,95,0.6112781954887218,0.6530832493326383,0.6263802387014041,0.7385796545105566,5,0.9210419820001334,0.9337113950005005
100,30,offline_controversiality,classification,0.1,0.5,1,2,95,0.5428571428571428,0.3151898101898102,0.39369428040627674,0.4752269288956127,9,1.242083262000051,1.257151471000725
100,30,offline_controversiality,classification,0.1,0.5,2,2,95,0.5360323886639676,0.526797694050016,0.5266745891167818,0.6449746926970354,6,1.0244646680002916,1.0387077380000846
100,30,offline_controversiality,classification,0.1,0.7,0,1,93,0.6120760959470637,0.634370774527321,0.6174838430970094,0.7297504798464491,5,1.3500963239994235,1.365067597000234
100,30,offline_controversiality,classification,0.1,0.7,1,1,93,0.5412186379928315,0.4365309228686838,0.4757016817728762,0.6336989409984871,6,1.1640574420007397,1.1774057510001512
100,30,offline_controversiality,classification,0.1,0.7,2,1,93,0.5219941348973607,0.38707453818933896,0.4394847391130132,0.5524222704266089,8,1.6020869730000413,1.6155271520001406
100,30,offline_controversiality,classification,0.1,0.9,0,0,91,0.5899725274725275,0.6749790552103178,0.625342025326176,0.7385796545105566,5,1.2978039660001741,1.3101830919995336
100,30,offline_controversiality,classification,0.1,0.9,1,0,91,0.5620094191522762,0.30447984078355256,0.3915292330323268,0.522125567322239,8,2.2741937939999843,2.321649358999821
100,30,offline_controversiality,classification,0.1,0.9,2,0,91,0.48451548451548454,0.40038585916516034,0.4336897652243941,0.40853217642805495,10,2.289764582999851,2.309117462999893
100,30,offline_controversiality,classification,0.3,0.1,0,8,97,0.6162657502863689,0.5398941786600974,0.5681176761533901,0.7126679462571976,6,1.5946123570001873,1.6189577810000628
100,30,offline_controversiality,classification,0.3,0.1,1,8,97,0.5647193585337915,0.5581719254399666,0.5515065558776955,0.8142965204236006,3,1.2967863959993338,1.316993598999943
100,30,offline_controversiality,classification,0.3,0.1,2,8,97,0.5347938144329897,0.41366786134827377,0.46127794678271844,0.5524222704266089,7,1.3021479730005012,1.3151707380002335
100,30,offline_controversiality,classification,0.3,0.3,0,7,91,0.65232075616691,0.6739418754771049,0.6529904802202231,0.7385796545105566,5,1.7081018749995565,1.7206142459999683
100,30,offline_controversiality,classification,0.3,0.3,1,7,91,0.5569244857706396,0.5185150319765705,0.5253456900648852,0.7055597579425114,6,1.059395260999736,1.0714748999998847
100,30,offline_controversiality,classification,0.3,0.3,2,7,91,0.5875152625152625,0.48702207438471173,0.5268069710087626,0.5835140997830802,6,1.5193641999994725,1.531903881999824
100,30,offline_controversiality,classification,0.3,0.5,0,5,85,0.6672218957513075,0.6804784920961392,0.6670808702865972,0.7385796545105566,5,1.5055734609995852,1.517376107999553
100,30,offline_controversiality,classification,0.3,0.5,1,5,85,0.6847563874034461,0.48259352047414333,0.545038576674281,0.6558245083207261,6,1.6261389849996704,1.6379409629998918
100,30,offline_controversiality,classification,0.3,0.5,2,5,85,0.6415752548105489,0.5329537206353815,0.5720682677495248,0.4005784526391902,10,2.2191493860000264,2.231227004000175
100,30,offline_controversiality,classification,0.3,0.7,0,3,79,0.6735327963176064,0.6832389005881188,0.6741014327415374,0.5654510556621881,7,1.9049062950007283,1.916878705000272
100,30,offline_controversiality,classification,0.3,0.7,1,3,79,0.6962984273110855,0.43763738330007873,0.5206927303357305,0.6875945537065052,6,1.8357306850002715,1.84790571800022
100,30,offline_controversiality,classification,0.3,0.7,2,3,79,0.6432134672641001,0.6112709093256375,0.6205082556397701,0.5182574114244396,6,2.1417011899993668,2.154001633000007
100,30,offline_controversiality,classification,0.3,0.9,0,1,73,0.6344924481910783,0.6213039628117664,0.6240307836785721,0.7385796545105566,5,1.9618632789997719,1.9736392250006247
100,30,offline_controversiality,classification,0.3,0.9,1,1,73,0.6009132420091324,0.5312297638345181,0.558610706677244,0.7950075642965204,4,1.491349005000302,1.5038667490007356
100,30,offline_controversiality,classification,0.3,0.9,2,1,73,0.5692541856925418,0.3809658385801352,0.45254899518981223,0.4005784526391902,10,2.8013283090003824,2.8232138379999014
100,30,offline_controversiality,classification,0.5,0.1,0,14,95,0.6614035087719299,0.55386230728336,0.5905194306897094,0.7385796545105566,5,1.2104525929999,1.2243318230002842
100,30,offline_controversiality,classification,0.5,0.1,1,14,95,0.6105263157894737,0.47726892990050884,0.521712468817732,0.9665279878971256,2,1.069297877000281,1.0815053679998528
100,30,offline_controversiality,classification,0.5,0.1,2,14,95,0.5964912280701754,0.4661676919571656,0.5166596561333404,0.5686912509038322,6,1.4962016279996533,1.5081187420000788
100,30,offline_controversiality,classification,0.5,0.3,0,12,85,0.722965367965368,0.755011720305838,0.7300296378988785,0.8086372360844529,3,1.5257313829997656,1.5371638140004507
100,30,offline_controversiality,classification,0.5,0.3,1,12,85,0.5852521008403362,0.4900157032509974,0.5159534083755537,0.6580937972768532,6,1.2863390890006485,1.2983025240000643
100,30,offline_controversiality,classification,0.5,0.3,2,12,85,0.6695407860113742,0.5754568960451314,0.6087120632458458,0.5677874186550976,9,1.6952220659995874,1.7077721089999613
100,30,offline_controversiality,classification,0.5,0.5,0,10,75,0.7046612646612647,0.7294838494838495,0.7091545961006185,0.6355086372360844,6,2.448354447999918,2.4978692499998942
100,30,offline_controversiality,classification,0.5,0.5,1,10,75,0.7044920634920635,0.5814252044252044,0.6229467666836087,0.7639939485627837,5,3.0267914300002303,3.0416782940001212
100,30,offline_controversiality,classification,0.5,0.5,2,10,75,0.7377835497835498,0.6422674362674363,0.6752690714608872,0.5677874186550976,9,2.3942378239999016,2.413801405000413
100,30,offline_controversiality,classification,0.5,0.7,0,7,65,0.751687116302501,0.7079902149132918,0.722500390528596,0.7403071017274472,5,2.153970381000363,2.165215228999841
100,30,offline_controversiality,classification,0.5,0.7,1,7,65,0.7268603191680115,0.6750709546863393,0.6838064165316513,0.8142965204236006,2,2.989618216999588,3.0007872390006014
100,30,offline_controversiality,classification,0.5,0.7,2,7,65,0.7430929754006677,0.6752362381208535,0.69880473208425,0.7438539407086044,6,2.0722296359999746,2.0834367709994694
100,30,offline_controversiality,classification,0.5,0.9,0,3,55,0.7424931129476584,0.7061443235908477,0.7171960998836572,0.7385796545105566,5,2.374380663000011,2.3858789059995615
100,30,offline_controversiality,classification,0.5,0.9,1,3,55,0.7369388187570006,0.6086457986457987,0.6511201834107033,0.6773827534039334,5,1.7143511510003009,1.732379705999847
100,30,offline_controversiality,classification,0.5,0.9,2,3,55,0.7224553224553224,0.6943482928242287,0.7010649381169274,0.8235719450469993,3,2.52789085600034,2.540819083000315
100,30,offline_controversiality,classification,0.7,0.1,0,20,93,0.667921146953405,0.4588325652841782,0.5138791912985461,0.9848368522072937,0,1.6700564180000583,1.6826694600003975
100,30,offline_controversiality,classification,0.7,0.1,1,20,93,0.8494623655913979,0.2625960061443932,0.389247311827957,0.9665279878971256,2,1.727254250000442,1.7415523859999666
100,30,offline_controversiality,classification,0.7,0.1,2,20,93,0.5295698924731183,0.3340757808499744,0.39368492916880016,0.8694866232827188,2,1.3394612359998064,1.3520046459998412
100,30,offline_controversiality,classification,0.7,0.3,0,19,79,0.7327305605786618,0.742631103074141,0.724413912388596,0.8086372360844529,2,1.602834551000342,1.6141468759997224
100,30,offline_controversiality,classification,0.7,0.3,1,19,79,0.6561181434599156,0.40063291139240503,0.4680000730633642,0.8142965204236006,3,2.462623974000053,2.482050600999173
100,30,offline_controversiality,classification,0.7,0.3,2,19,79,0.6338607594936709,0.5834237492465341,0.5813331534850522,0.6979392624728851,7,1.8691011230002914,1.8801663720005308
100,30,offline_controversiality,classification,0.7,0.5,0,16,65,0.742039072039072,0.7461904761904762,0.7308170939166414,0.6355086372360844,6,2.1048155489997953,2.1194101689998206
100,30,offline_controversiality,classification,0.7,0.5,1,16,65,0.7576190476190476,0.5831746031746031,0.6387486872102257,0.9858169440242057,0,1.661097831999541,1.6753324720002638
100,30,offline_controversiality,classification,0.7,0.5,2,16,65,0.734010989010989,0.6657448107448107,0.6793875030264647,0.9996384671005062,0,2.260850743999981,2.2733297700006005
100,30,offline_controversiality,classification,0.7,0.7,0,12,51,0.7436331098095804,0.7949190787426081,0.7607167298662473,0.7403071017274472,5,2.106709540000338,2.116005511000367
100,30,offline_controversiality,classification,0.7,0.7,1,12,51,0.7671455450867216,0.6776589423648247,0.7033085440160654,0.9858169440242057,0,1.7280383060005988,1.737736140999914
100,30,offline_controversiality,classification,0.7,0.7,2,12,51,0.7099751011515717,0.71208372237784,0.6994679442843632,0.8235719450469993,3,1.729602129000341,1.7436962259998836
100,30,offline_controversiality,classification,0.7,0.9,0,6,37,0.7329593829593829,0.6950778950778951,0.7063228662804649,0.6355086372360844,5,2.0012577880006575,2.012551228999655
100,30,offline_controversiality,classification,0.7,0.9,1,6,37,0.7647810147810148,0.6831899331899333,0.7115928827558926,0.9665279878971256,2,1.7965862290002406,1.8050325559997873
100,30,offline_controversiality,classification,0.7,0.9,2,6,37,0.6934655434655435,0.6832830082830083,0.6816080725496529,0.8694866232827188,2,1.8427872350002872,1.8530482400001347
100,30,offline_controversiality,classification,0.9,0.1,0,27,91,0.8131868131868132,0.7362637362637363,0.7619047619047619,0.9848368522072937,0,2.3136911470000996,2.331954223000139
100,30,offline_controversiality,classification,0.9,0.1,1,27,91,0.0,0.0,0.0,0.9858169440242057,0,1.8850844680000591,1.8972286139996868
100,30,offline_controversiality,classification,0.9,0.1,2,27,91,0.0,0.0,0.0,0.9996384671005062,0,1.6293717029993786,1.6407037919998402
100,30,offline_controversiality,classification,0.9,0.3,0,26,73,0.6917808219178082,0.6210045662100457,0.636986301369863,0.9848368522072937,0,2.0888240049998785,2.098851226000079
100,30,offline_controversiality,classification,0.9,0.3,1,26,73,0.0136986301369863,0.0136986301369863,0.0136986301369863,0.9858169440242057,0,2.579890809999597,2.5903731069993228
100,30,offline_controversiality,classification,0.9,0.3,2,26,73,0.3835616438356164,0.3082191780821918,0.3287671232876712,0.9996384671005062,0,2.274961455000266,2.286301022000771
100,30,offline_controversiality,classification,0.9,0.5,0,25,55,0.6909090909090909,0.5666666666666667,0.603030303030303,0.9848368522072937,0,2.1527462049998576,2.1624216339996565
100,30,offline_controversiality,classification,0.9,0.5,1,25,55,0.01818181818181818,0.00909090909090909,0.012121212121212121,0.9858169440242057,0,2.0263382359999014,2.0362233480000214
100,30,offline_controversiality,classification,0.9,0.5,2,25,55,0.5454545454545454,0.5272727272727272,0.5133333333333333,0.9996384671005062,0,1.6995883789995787,1.7122254670002803
100,30,offline_controversiality,classification,0.9,0.7,0,22,37,0.7509009009009009,0.7427927927927929,0.7366366366366367,0.9848368522072937,0,2.525026713999978,2.533365338999829
100,30,offline_controversiality,classification,0.9,0.7,1,22,37,0.7837837837837838,0.6599099099099099,0.6826898326898327,0.9858169440242057,0,2.5053923309997117,2.513970572999824
100,30,offline_controversiality,classification,0.9,0.7,2,22,37,0.7725225225225225,0.7207207207207208,0.7199270699270699,0.9996384671005062,0,2.677237992999835,2.6858876639998925
100,30,offline_controversiality,classification,0.9,0.9,0,14,19,0.7404344193817878,0.7652464494569757,0.7446493899524697,0.8086372360844529,2,1.8971083060005185,1.9047456729995247
100,30,offline_controversiality,classification,0.9,0.9,1,14,19,0.7923558897243108,0.6979323308270677,0.7224599961442066,0.9858169440242057,0,2.3359182469994266,2.346239627000614
100,30,offline_controversiality,classification,0.9,0.9,2,14,19,0.7006379585326954,0.7011278195488722,0.690082578240473,0.9996384671005062,0,2.201192092000383,2.2120695090006848
100,30,offline_controversiality,matrix_factorization,0.1,0.1,0,3,99,0.3804393682133933,0.5176994194819506,0.42109508593232364,0.24836852207293666,13,0.04113603299992974,0.05631316499966488
100,30,offline_controversiality,matrix_factorization,0.1,0.1,1,3,99,0.40453850104473993,0.4489972000667188,0.38478432921781885,0.3235627836611195,13,0.04933953800082236,0.06351598399942304
100,30,offline_controversiality,matrix_factorization,0.1,0.1,2,3,99,0.4253579842250028,0.4210956873390029,0.38906282064409786,0.3201373825018077,12,0.04550743300023896,0.05936796100013453
100,30,offline_controversiality,matrix_factorization,0.1,0.3,0,2,97,0.5532732250286957,0.4832452965452232,0.47512934239858595,0.5959692898272553,7,0.04289136999977927,0.0564332750000176
100,30,offline_controversiality,matrix_factorization,0.1,0.3,1,2,97,0.48533537060395443,0.6443115253454853,0.5085148836521339,0.6302950075642966,7,0.06157897699995374,0.08437099200000375
100,30,offline_controversiality,matrix_factorization,0.1,0.3,2,2,97,0.534622619497823,0.6218345539979864,0.5219038334429003,0.4267895878524946,9,0.045686696999837295,0.05990264299998671
100,30,offline_controversiality,matrix_factorization,0.1,0.5,0,2,95,0.6246531313374624,0.586562625405301,0.5600753669040421,0.6047984644913628,7,0.04203024500020547,0.056705177999901935
100,30,offline_controversiality,matrix_factorization,0.1,0.5,1,2,95,0.5233941172623293,0.6032799415926351,0.4883915623900033,0.40223146747352495,11,0.05017599999973754,0.06325581100009003
100,30,offline_controversiality,matrix_factorization,0.1,0.5,2,2,95,0.57873353191431,0.3846633526432288,0.39157136237159457,0.3926247288503254,9,0.046031386999857205,0.059120822999830125
100,30,offline_controversiality,matrix_factorization,0.1,0.7,0,1,93,0.6493001426188283,0.48614164052968606,0.5257515658016015,0.7998080614203454,4,0.04525157100033539,0.058889825000733254
100,30,offline_controversiality,matrix_factorization,0.1,0.7,1,1,93,0.49009848589145505,0.512649921236259,0.4813163609015277,0.4773071104387292,9,0.04999583500011795,0.06259811100062507
100,30,offline_controversiality,matrix_factorization,0.1,0.7,2,1,93,0.44969998657829474,0.35819139834794483,0.34029065785965257,0.457881417208966,10,0.03998200000023644,0.05294220899941138
100,30,offline_controversiality,matrix_factorization,0.1,0.9,0,0,91,0.5899725274725275,0.6749790552103178,0.625342025326176,0.7385796545105566,5,0.03574987200045143,0.049224100000174076
100,30,offline_controversiality,matrix_factorization,0.1,0.9,1,0,91,0.47396082178690874,0.8595960607566262,0.6050551182424929,0.522125567322239,8,0.041333074000249326,0.05485151799985033
100,30,offline_controversiality,matrix_factorization,0.1,0.9,2,0,91,0.48451548451548454,0.40038585916516034,0.4336897652243941,0.40853217642805495,10,0.03868799500014575,0.0521580360000371
100,30,offline_controversiality,matrix_factorization,0.3,0.1,0,8,97,0.6083081614161057,0.5158520123498899,0.5369400918398473,0.6614203454894434,7,0.06347734099927038,0.07674218400006794
100,30,offline_controversiality,matrix_factorization,0.3,0.1,1,8,97,0.5375492777554634,0.47734147296002966,0.4854928889160092,0.8142965204236006,3,0.06325909299994237,0.0766910549991735
100,30,offline_controversiality,matrix_factorization,0.3,0.1,2,8,97,0.5038940727085057,0.3824432440411822,0.39898680447805046,0.5524222704266089,7,0.06348337999952491,0.07889895499920385
100,30,offline_controversiality,matrix_factorization,0.3,0.3,0,7,91,0.6537857899121635,0.5350734358652911,0.5513365374363038,0.8086372360844529,4,0.06882548399971711,0.0817856240000765
100,30,offline_controversiality,matrix_factorization,0.3,0.3,1,7,91,0.5344539318610526,0.4378680842966557,0.42637946132500154,0.8294251134644478,4,0.059651032999681775,0.07221679700069217
100,30,offline_controversiality,matrix_factorization,0.3,0.3,2,7,91,0.5285791894308377,0.3443493929757666,0.37374903397591824,0.4005784526391902,10,0.07002825000017765,0.08330561100046907
100,30,offline_controversiality,matrix_factorization,0.3,0.5,0,5,85,0.6965111365579126,0.5292338707044589,0.5507852926835227,0.8464491362763915,4,0.06928149699979258,0.08470465299978969
100,30,offline_controversiality,matrix_factorization,0.3,0.5,1,5,85,0.6035882841737877,0.4014679255769221,0.38533771337377015,0.6140317700453858,6,0.10302259600030084,0.12046231699969212
100,30,offline_controversiality,matrix_factorization,0.3,0.5,2,5,85,0.4466362309860762,0.3079059829059829,0.32256784503716124,0.4005784526391902,9,0.05944058200020663,0.07182228700003179
100,30,offline_controversiality,matrix_factorization,0.3,0.7,0,3,79,0.6741091572698293,0.5267731089957448,0.5518096479385697,0.8086372360844529,2,0.06412502500006667,0.0781479710003623
100,30,offline_controversiality,matrix_factorization,0.3,0.7,1,3,79,0.6034383228885913,0.5409744956375634,0.489367373284764,0.7129349470499243,5,0.07837332099916239,0.08984018600040145
100,30,offline_controversiality,matrix_factorization,0.3,0.7,2,3,79,0.4336236600244909,0.3967848534769607,0.3608651071720318,0.7438539407086044,7,0.05607357200005936,0.06723016600062692
100,30,offline_controversiality,matrix_factorization,0.3,0.9,0,1,73,0.6653483022625055,0.4900464709574511,0.5336886688606732,0.8086372360844529,2,0.058410242000718426,0.06972849700014194
100,30,offline_controversiality,matrix_factorization,0.3,0.9,1,1,73,0.6001103303984046,0.4842699694432169,0.5105338581828414,0.6488275340393344,7,0.17494606800028123,0.19554906799930905
100,30,offline_controversiality,matrix_factorization,0.3,0.9,2,1,73,0.5316493456310667,0.33704173569572865,0.37289344355225085,0.6865509761388287,5,0.057861182000124245,0.06938920499942469
100,30,offline_controversiality,matrix_factorization,0.5,0.1,0,14,95,0.6526156299840511,0.5375753778385357,0.5730713561599988,0.7385796545105566,5,0.08541498400063574,0.10015381100038212
100,30,offline_controversiality,matrix_factorization,0.5,0.1,1,14,95,0.5899939242044505,0.48608111187058556,0.5036205023047128,0.9665279878971256,2,0.09291747499992198,0.10676804800004902
100,30,offline_controversiality,matrix_factorization,0.5,0.1,2,14,95,0.5425996810207336,0.3583735854788486,0.40267001249300344,0.5182574114244396,8,0.08855158000005758,0.10091526900032477
100,30,offline_controversiality,matrix_factorization,0.5,0.3,0,12,85,0.7048612172141584,0.5875034442681502,0.6236575713082724,0.6702495201535509,6,0.09160228199925768,0.10406598600002326
100,30,offline_controversiality,matrix_factorization,0.5,0.3,1,12,85,0.5731471872994365,0.39568372803666924,0.390197041874332,0.6580937972768532,6,0.19960985299985623,0.2115307309995842
100,30,offline_controversiality,matrix_factorization,0.5,0.3,2,12,85,0.5043778117307529,0.2785029349735232,0.3285127688232769,0.5424801156905278,9,0.08877030800067587,0.10119291499995597
100,30,offline_controversiality,matrix_factorization,0.5,0.5,0,10,75,0.6875970695970696,0.6085843415843416,0.6177953742812877,0.6702495201535509,6,0.159086722000211,0.17508503699991707
100,30,offline_controversiality,matrix_factorization,0.5,0.5,1,10,75,0.700024531024531,0.45428475228475224,0.5122400910636205,0.8142965204236006,3,0.08738266000000294,0.09956667299957189
100,30,offline_controversiality,matrix_factorization,0.5,0.5,2,10,75,0.653015133015133,0.41654256854256855,0.4741376911677087,0.8694866232827188,2,0.09716319600011047,0.10866706800061365
100,30,offline_controversiality,matrix_factorization,0.5,0.7,0,7,65,0.6636222230179125,0.6232039328193175,0.5984736421856139,0.5671785028790787,7,0.09923809399970196,0.10958969900002558
100,30,offline_controversiality,matrix_factorization,0.5,0.7,1,7,65,0.669049070587532,0.5055558970943586,0.5268627777600722,0.7950075642965204,4,0.09096537999994325,0.10199079599988181
100,30,offline_controversiality,matrix_factorization,0.5,0.7,2,7,65,0.5606386989079297,0.3813607759761606,0.4201854715990876,0.7438539407086044,5,0.08395692600061011,0.09563657899980171
100,30,offline_controversiality,matrix_factorization,0.5,0.9,0,3,55,0.6328116996203366,0.661964552084873,0.6123190255485793,0.7403071017274472,5,0.08361432400033664,0.09589961700021377
100,30,offline_controversiality,matrix_factorization,0.5,0.9,1,3,55,0.686357210431936,0.46110929474565837,0.48754679654791344,0.8142965204236006,3,0.08329246399989643,0.09325520800030063
100,30,offline_controversiality,matrix_factorization,0.5,0.9,2,3,55,0.5409279329908253,0.46217488245563115,0.44844480234973355,0.8694866232827188,2,0.08472685600008845,0.0945420620000732
100,30,offline_controversiality,matrix_factorization,0.7,0.1,0,20,93,0.6829749103942653,0.418484383000512,0.4990186038573135,0.9848368522072937,0,0.11635614900023938,0.13063969900031225
100,30,offline_controversiality,matrix_factorization,0.7,0.1,1,20,93,0.7974910394265233,0.27782898105478754,0.3848694316436252,0.9665279878971256,2,0.11087567699996725,0.12348906199986232
100,30,offline_controversiality,matrix_factorization,0.7,0.1,2,20,93,0.43748079877112134,0.3044290834613415,0.34861983894241955,0.8694866232827188,2,0.20116081700052746,0.21471446200030186
100,30,offline_controversiality,matrix_factorization,0.7,0.3,0,19,79,0.7441531042796865,0.7316606389391199,0.7270958296274752,0.8086372360844529,2,0.1480069649996949,0.1654859310001484
100,30,offline_controversiality,matrix_factorization,0.7,0.3,1,19,79,0.8554852320675105,0.27808921036769135,0.39514767932489453,0.8142965204236006,3,0.11220128900004056,0.12480230799974379
100,30,offline_controversiality,matrix_factorization,0.7,0.3,2,19,79,0.5002712477396022,0.4594936708860759,0.45182567081301256,0.8694866232827188,2,0.12116933699962829,0.13433957400047802
100,30,offline_controversiality,matrix_factorization,0.7,0.5,0,16,65,0.7105699855699856,0.6724114774114773,0.6417833716916832,0.6355086372360844,6,0.11017352599992591,0.12102627700005542
100,30,offline_controversiality,matrix_factorization,0.7,0.5,1,16,65,0.7587179487179486,0.4399084249084249,0.5288536250074711,0.9665279878971256,2,0.1112333729997772,0.12184295299994119
100,30,offline_controversiality,matrix_factorization,0.7,0.5,2,16,65,0.6330417018878558,0.4647130647130647,0.4911076103383796,0.9996384671005062,0,0.11085376399933011,0.12171011900045414
100,30,offline_controversiality,matrix_factorization,0.7,0.7,0,12,51,0.6854451104451105,0.6500311235605353,0.626224499580901,0.7403071017274472,5,0.09842648300036672,0.10813027800031705
100,30,offline_controversiality,matrix_factorization,0.7,0.7,1,12,51,0.7678032751562164,0.583500976148035,0.621501999588869,0.9858169440242057,0,0.11566958100047486,0.12723509799980093
100,30,offline_controversiality,matrix_factorization,0.7,0.7,2,12,51,0.5353353938129024,0.4491009535127182,0.42525670856120684,0.8235719450469993,3,0.20092923499942117,0.21038898200004041
100,30,offline_controversiality,matrix_factorization,0.7,0.9,0,6,37,0.6666904791904792,0.6652745152745152,0.6488130672314277,0.6355086372360844,6,0.10330102300031285,0.12048715000037191
100,30,offline_controversiality,matrix_factorization,0.7,0.9,1,6,37,0.7493686098949257,0.5174907674907675,0.5609431240572713,0.9665279878971256,2,0.10993902200061711,0.11849210899981699
100,30,offline_controversiality,matrix_factorization,0.7,0.9,2,6,37,0.4196289835676025,0.4951364701364701,0.41078850655178417,0.6934201012292118,4,0.1386842380006783,0.14869129399994563
100,30,offline_controversiality,matrix_factorization,0.9,0.1,0,27,91,0.8131868131868132,0.7362637362637363,0.7619047619047619,0.9848368522072937,0,0.14468036800008122,0.15666483799941489
100,30,offline_controversiality,matrix_factorization,0.9,0.1,1,27,91,0.0,0.0,0.0,0.9858169440242057,0,0.13925618499979464,0.15250374600054784
100,30,offline_controversiality,matrix_factorization,0.9,0.1,2,27,91,0.0,0.0,0.0,0.9996384671005062,0,0.14284503900034906,0.15508767900064413
100,30,offline_controversiality,matrix_factorization,0.9,0.3,0,26,73,0.8356164383561644,0.7100456621004566,0.7511415525114156,0.9848368522072937,0,0.21059544299987465,0.22196664600051008
100,30,offline_controversiality,matrix_factorization,0.9,0.3,1,26,73,0.0,0.0,0.0,0.9858169440242057,0,0.13139264100027503,0.14198323099935806
100,30,offline_controversiality,matrix_factorization,0.9,0.3,2,26,73,0.0547945205479452,0.0547945205479452,0.0547945205479452,0.9996384671005062,0,0.12453947999983939,0.13496836300055293
100,30,offline_controversiality,matrix_factorization,0.9,0.5,0,25,55,0.7454545454545455,0.5666666666666667,0.6242424242424243,0.9848368522072937,0,0.12937510600022506,0.1385019839999586
100,30,offline_controversiality,matrix_factorization,0.9,0.5,1,25,55,0.0,0.0,0.0,0.9858169440242057,0,0.1245704820003084,0.1336017849998825
100,30,offline_controversiality,matrix_factorization,0.9,0.5,2,25,55,0.6272727272727273,0.3878787878787879,0.4515151515151515,0.9996384671005062,0,0.20977702300024248,0.21863882100024057
100,30,offline_controversiality,matrix_factorization,0.9,0.7,0,22,37,0.8018018018018017,0.7351351351351351,0.7586872586872586,0.9848368522072937,0,0.1576314169997204,0.1674951949999013
100,30,offline_controversiality,matrix_factorization,0.9,0.7,1,22,37,0.7747747747747749,0.6081081081081081,0.6487773487773488,0.9858169440242057,0,0.3247691679998752,0.3355986959995789
100,30,offline_controversiality,matrix_factorization,0.9,0.7,2,22,37,0.668918918918919,0.5148648648648649,0.5657657657657658,0.9996384671005062,0,0.5112003519998325,0.5197507519997089
100,30,offline_controversiality,matrix_factorization,0.9,0.9,0,14,19,0.7597535505430242,0.6687552213868003,0.6970414002921742,0.8086372360844529,2,0.26671789700048976,0.2786523180002405
100,30,offline_controversiality,matrix_factorization,0.9,0.9,1,14,19,0.6854010025062657,0.6276942355889724,0.6135650898808794,0.9858169440242057,0,0.3163571770000999,0.34047532200020214
100,30,offline_controversiality,matrix_factorization,0.9,0.9,2,14,19,0.6118705855547961,0.46620718462823724,0.4647565884407989,0.9996384671005062,0,0.3826967040004092,0.39399163400048565
100,30,offline_controversiality,factorization_machines,0.1,0.1,0,3,99,0.4824601324601325,0.4863660379034711,0.48086544127150654,0.354510556621881,10,0.0730397859997538,0.08875557099963771
100,30,offline_controversiality,factorization_machines,0.1,0.1,1,3,99,0.4586543086543087,0.4472823002903216,0.4395064364428662,0.5366868381240545,8,0.03324960800000554,0.050194204000035825
100,30,offline_controversiality,factorization_machines,0.1,0.1,2,3,99,0.41428948997130816,0.48249776400400285,0.43780494723504076,0.36243673174258856,12,0.03379792699979589,0.046217744999921706
100,30,offline_controversiality,factorization_machines,0.1,0.3,0,2,97,0.5359323110687574,0.5373121855607254,0.5273907654416903,0.5959692898272553,6,0.05444463799994992,0.06662001499989856
100,30,offline_controversiality,factorization_machines,0.1,0.3,1,2,97,0.489973943582191,0.5600491079569309,0.5142936931714137,0.6302950075642966,7,0.038173197000105574,0.05133450200082734
100,30,offline_controversiality,factorization_machines,0.1,0.3,2,2,97,0.5068358045162169,0.45159926573662174,0.4568815637488805,0.5030730296456978,7,0.03777273499963485,0.05703067100057524
100,30,offline_controversiality,factorization_machines,0.1,0.5,0,2,95,0.5379318488529015,0.5388236097634012,0.5214914461758753,0.31669865642994244,14,0.034339973999522044,0.04855776599924866
100,30,offline_controversiality,factorization_machines,0.1,0.5,1,2,95,0.4826855600539811,0.5463656828207911,0.5028445498314636,0.5200453857791225,9,0.03672103300050367,0.052008738000040466
100,30,offline_controversiality,factorization_machines,0.1,0.5,2,2,95,0.4647121299752879,0.45943398964296794,0.4557466427454693,0.6943239334779465,8,0.05434139499993762,0.0731606119998105
100,30,offline_controversiality,factorization_machines,0.1,0.7,0,1,93,0.6150657680369056,0.585707422804197,0.5899355381167154,0.7297504798464491,5,0.034701189999395865,0.060352231999786454
100,30,offline_controversiality,factorization_machines,0.1,0.7,1,1,93,0.46506074570590694,0.5051012800538417,0.4792886048819943,0.6469364599092284,6,0.04467438800020318,0.05720160599958035
100,30,offline_controversiality,factorization_machines,0.1,0.7,2,1,93,0.4322580645161291,0.39334286839030674,0.3973170346619585,0.2827187274041938,15,0.037869052999667474,0.05045119899932615
100,30,offline_controversiality,factorization_machines,0.1,0.9,0,0,91,0.5884372979961215,0.677708194203193,0.6256235246957953,0.7385796545105566,5,0.06272647300011158,0.11166025700003956
100,30,offline_controversiality,factorization_machines,0.1,0.9,1,0,91,0.5307764131293543,0.7385555356972872,0.6108910347678967,0.522125567322239,8,0.05405078700005106,0.06760876899988943
100,30,offline_controversiality,factorization_machines,0.1,0.9,2,0,91,0.48934255520389974,0.526830420077962,0.5015436904900977,0.40853217642805495,10,0.06156813099914871,0.08335225399969204
100,30,offline_controversiality,factorization_machines,0.3,0.1,0,8,97,0.5086548617476453,0.42144705742340677,0.44304471143660834,0.3115163147792706,13,0.0765111770006115,0.10005833000013808
100,30,offline_controversiality,factorization_machines,0.3,0.1,1,8,97,0.49628351232353657,0.5320786315631677,0.49997920212913555,0.8142965204236006,3,0.06098039000062272,0.07671072699940851
100,30,offline_controversiality,factorization_machines,0.3,0.1,2,8,97,0.5513960998572884,0.4437135888166816,0.4697422032807878,0.5524222704266089,7,0.09455975699984265,0.12829329099986353
100,30,offline_controversiality,factorization_machines,0.3,0.3,0,7,91,0.5984114176421869,0.5835626316153142,0.5719469098962067,0.6236084452975048,7,0.05581664000055753,0.06885933900048258
100,30,offline_controversiality,factorization_machines,0.3,0.3,1,7,91,0.522414338601441,0.5343859132320671,0.5041376573453865,0.8142965204236006,3,0.04930210900056409,0.06279513200024667
100,30,offline_controversiality,factorization_machines,0.3,0.3,2,7,91,0.4997077762430057,0.4617962013566409,0.45472428654452557,0.5835140997830802,7,0.05262043699985952,0.06583941000008053
100,30,offline_controversiality,factorization_machines,0.3,0.5,0,5,85,0.6480581394768246,0.5967516470457648,0.602654582819739,0.8086372360844529,4,0.08370772299986129,0.09772956799952226
100,30,offline_controversiality,factorization_machines,0.3,0.5,1,5,85,0.6144648488766136,0.5562958994100863,0.5657653934048746,0.8142965204236006,3,0.055683802000203286,0.06948973699945782
100,30,offline_controversiality,factorization_machines,0.3,0.5,2,5,85,0.5953422298578008,0.5434860497057729,0.5373940543321647,0.6681127982646421,5,0.06372694900073839,0.07962235899958614
100,30,offline_controversiality,factorization_machines,0.3,0.7,0,3,79,0.6159040798198027,0.5673884329040696,0.5807381611857368,0.6702495201535509,6,0.09193415600020671,0.10807839400058583
100,30,offline_controversiality,factorization_machines,0.3,0.7,1,3,79,0.5711252530872785,0.5356212311722364,0.5373977175890772,0.5266641452344932,9,0.059909307999987504,0.07729525400009152
100,30,offline_controversiality,factorization_machines,0.3,0.7,2,3,79,0.5213517495163065,0.5011314324791615,0.48793695267443,0.5113882863340564,7,0.05946200099970156,0.07589100499990309
100,30,offline_controversiality,factorization_machines,0.3,0.9,0,1,73,0.5995283255557228,0.579870973881004,0.5852869834022474,0.8464491362763915,4,0.08258356399983313,0.09595300099954329
100,30,offline_controversiality,factorization_machines,0.3,0.9,1,1,73,0.5239433321625103,0.4511096902918015,0.47835057801099995,0.4795763993948563,9,0.04958930800057715,0.06132777599941619
100,30,offline_controversiality,factorization_machines,0.3,0.9,2,1,73,0.45258622655882935,0.43567997508050094,0.43971961829125106,0.2485538684020246,16,0.08778665799945884,0.11235580800075695
100,30,offline_controversiality,factorization_machines,0.5,0.1,0,14,95,0.5583154856839067,0.5129968861547809,0.512626676186233,0.6236084452975048,6,0.07720590799999627,0.09164048799993907
100,30,offline_controversiality,factorization_machines,0.5,0.1,1,14,95,0.596844383686489,0.5875662641452115,0.5557689823438561,0.9858169440242057,0,0.07183609200001229,0.08472950199939078
100,30,offline_controversiality,factorization_machines,0.5,0.1,2,14,95,0.6415056580846055,0.5489450899977216,0.5632326141622215,0.5686912509038322,6,0.06835078299991437,0.08113443599995662
100,30,offline_controversiality,factorization_machines,0.5,0.3,0,12,85,0.6499601052542229,0.6269813846284434,0.6167626674979814,0.8086372360844529,3,0.06645469199975196,0.07896214399988821
100,30,offline_controversiality,factorization_machines,0.5,0.3,1,12,85,0.5524696545284781,0.5393858755623462,0.5114370225779805,0.8142965204236006,3,0.06742664700050227,0.08022850999986986
100,30,offline_controversiality,factorization_machines,0.5,0.3,2,12,85,0.6141516653281359,0.548152044034397,0.5621911661721865,0.6681127982646421,5,0.08794348100036586,0.107295527000133
100,30,offline_controversiality,factorization_machines,0.5,0.5,0,10,75,0.7081418951418952,0.6508208088208088,0.6562938478471121,0.7433781190019194,5,0.07774008999967918,0.08898536299966509
100,30,offline_controversiality,factorization_machines,0.5,0.5,1,10,75,0.6235150775150775,0.5237402597402597,0.5519642923296174,0.8142965204236006,3,0.08351631100049417,0.1096098139996684
100,30,offline_controversiality,factorization_machines,0.5,0.5,2,10,75,0.7686667406667407,0.6503112073112073,0.6743308739589531,0.5677874186550976,9,0.0904736820002654,0.1070388060006735
100,30,offline_controversiality,factorization_machines,0.5,0.7,0,7,65,0.7287654226115765,0.6561510284587208,0.6723446282172657,0.5671785028790787,7,0.06642138299957878,0.0768606550000186
100,30,offline_controversiality,factorization_machines,0.5,0.7,1,7,65,0.6448246625169702,0.6023482927329081,0.6079545796503768,0.8142965204236006,3,0.08440860200062161,0.09754470799998671
100,30,offline_controversiality,factorization_machines,0.5,0.7,2,7,65,0.6871464859926398,0.6339564281871974,0.6405978562711014,0.5677874186550976,9,0.08036242199978005,0.1001865190000899
100,30,offline_controversiality,factorization_machines,0.5,0.9,0,3,55,0.6675835275835277,0.6668317570723988,0.6587010443481757,0.7403071017274472,5,0.0725234730007287,0.09242411899958825
100,30,offline_controversiality,factorization_machines,0.5,0.9,1,3,55,0.7045802682166319,0.5635287439832894,0.5898734182490772,0.8606278366111951,3,0.07232450500032428,0.08785388199976296
100,30,offline_controversiality,factorization_machines,0.5,0.9,2,3,55,0.6424825174825175,0.6440806015137566,0.6279435801965031,0.8201373825018077,4,0.07612311799948657,0.08807875699949363
100,30,offline_controversiality,factorization_machines,0.7,0.1,0,20,93,0.5901689708141321,0.527163338453661,0.5279119924281215,0.9848368522072937,0,0.08200900000065303,0.09419876500032842
100,30,offline_controversiality,factorization_machines,0.7,0.1,1,20,93,0.6038402457757297,0.44129544290834616,0.4552544229963585,0.9858169440242057,0,0.08233282399942254,0.09492617400064773
100,30,offline_controversiality,factorization_machines,0.7,0.1,2,20,93,0.6330773169482846,0.56321044546851,0.5730849198591134,0.8694866232827188,2,0.08226669600026071,0.0947420090005835
100,30,offline_controversiality,factorization_machines,0.7,0.3,0,19,79,0.7256479807112719,0.6788728149487643,0.6730994743652972,0.9848368522072937,0,0.08384315300008893,0.0955030169998281
100,30,offline_controversiality,factorization_machines,0.7,0.3,1,19,79,0.6740506329113924,0.4243821579264618,0.47931807995099135,0.8142965204236006,3,0.0795452190004653,0.090434627999457
100,30,offline_controversiality,factorization_machines,0.7,0.3,2,19,79,0.670464135021097,0.6587703435804702,0.6452143496447295,0.7438539407086044,5,0.08136690599985741,0.0930717649998769
100,30,offline_controversiality,factorization_machines,0.7,0.5,0,16,65,0.7701296139757678,0.717002442002442,0.7246646088953781,0.6355086372360844,6,0.07633455199993477,0.0876937729999554
100,30,offline_controversiality,factorization_machines,0.7,0.5,1,16,65,0.7235897435897436,0.5961782661782662,0.6276715592100207,0.9665279878971256,2,0.0778851040004156,0.08837151199986693
100,30,offline_controversiality,factorization_machines,0.7,0.5,2,16,65,0.7656166056166056,0.6706105006105006,0.6860374668066976,0.9996384671005062,0,0.07776239200029522,0.08841231800033711
100,30,offline_controversiality,factorization_machines,0.7,0.7,0,12,51,0.7692081883258354,0.7443355119825708,0.7400568577904219,0.8086372360844529,3,0.08388863399977708,0.09344058199985739
100,30,offline_controversiality,factorization_machines,0.7,0.7,1,12,51,0.760990860990861,0.7016934046345812,0.7103487033144654,0.9858169440242057,0,0.07486629599952721,0.08553560200016364
100,30,offline_controversiality,factorization_machines,0.7,0.7,2,12,51,0.7651055371643608,0.7431598902187138,0.7352470954788581,0.9996384671005062,0,0.07858241899975837,0.088108850000026
100,30,offline_controversiality,factorization_machines,0.7,0.9,0,6,37,0.6989175989175989,0.7333463833463834,0.7057594653657381,0.8086372360844529,3,0.11176067999986117,0.12113751900051284
100,30,offline_controversiality,factorization_machines,0.7,0.9,1,6,37,0.750941700941701,0.6621092871092872,0.688997790855376,0.9858169440242057,0,0.07683913099936035,0.0859347079995132
100,30,offline_controversiality,factorization_machines,0.7,0.9,2,6,37,0.6734739734739735,0.6926784926784927,0.674672125605908,0.5677874186550976,6,0.07807111999954941,0.08679602800020803
100,30,offline_controversiality,factorization_machines,0.9,0.1,0,27,91,0.6538461538461539,0.5934065934065934,0.6135531135531136,0.9848368522072937,0,0.10723426899949118,0.12009729300007166
100,30,offline_controversiality,factorization_machines,0.9,0.1,1,27,91,0.07692307692307693,0.11538461538461539,0.08791208791208792,0.9858169440242057,0,0.09898978600085684,0.11095974100044259
100,30,offline_controversiality,factorization_machines,0.9,0.1,2,27,91,0.22527472527472528,0.22527472527472528,0.2205128205128205,0.9996384671005062,0,0.0996721030005574,0.11173418899943499
100,30,offline_controversiality,factorization_machines,0.9,0.3,0,26,73,0.7397260273972602,0.7100456621004566,0.6917808219178082,0.9848368522072937,0,0.1186747120000291,0.13152429699948698
100,30,offline_controversiality,factorization_machines,0.9,0.3,1,26,73,0.00684931506849315,0.0136986301369863,0.0091324200913242,0.9858169440242057,0,0.09586209600001894,0.1064318689996071
100,30,offline_controversiality,factorization_machines,0.9,0.3,2,26,73,0.2899543378995434,0.2876712328767123,0.2753424657534247,0.9996384671005062,0,0.09743787099978363,0.10815032199934649
100,30,offline_controversiality,factorization_machines,0.9,0.5,0,25,55,0.6636363636363637,0.5666666666666667,0.5848484848484848,0.9848368522072937,0,0.09354673699999694,0.10317416199995932
100,30,offline_controversiality,factorization_machines,0.9,0.5,1,25,55,0.0,0.0,0.0,0.9858169440242057,0,0.09364276399992377,0.10327759099982359
100,30,offline_controversiality,factorization_machines,0.9,0.5,2,25,55,0.5666666666666667,0.5757575757575758,0.5509090909090909,0.9996384671005062,0,0.0951864980006576,0.10476912499962054
100,30,offline_controversiality,factorization_machines,0.9,0.7,0,22,37,0.754954954954955,0.7382882882882883,0.7318747318747318,0.9848368522072937,0,0.09239480399992317,0.1025551489992722
100,30,offline_controversiality,factorization_machines,0.9,0.7,1,22,37,0.8423423423423424,0.6644144144144144,0.7173745173745174,0.9858169440242057,0,0.10808886799986794,0.11644213599993236
100,30,offline_controversiality,factorization_machines,0.9,0.7,2,22,37,0.8171171171171171,0.7481981981981982,0.7618053118053117,0.9996384671005062,0,0.09192635700037499,0.10016100199936773
100,30,offline_controversiality,factorization_machines,0.9,0.9,0,14,19,0.800062656641604,0.8128237259816207,0.7967910916053331,0.8086372360844529,2,0.08770360899961815,0.09490747499967256
100,30,offline_controversiality,factorization_machines,0.9,0.9,1,14,19,0.7427318295739349,0.7151629072681704,0.7168027878554194,0.9858169440242057,0,0.08659968900064996,0.09353602400005911
100,30,offline_controversiality,factorization_machines,0.9,0.9,2,14,19,0.7436052251841726,0.7319131161236424,0.7228483590712692,0.9996384671005062,0,0.08913699899949279,0.09595149899996613
100,30,online_adaptive_controversial,classification,0.1,0.1,0,3,99,0.5786649377558468,0.6243253023814052,0.5950107527334457,0.6748560460652591,5,0.9697048800007906,0.9828857649999918
100,30,online_adaptive_controversial,classification,0.1,0.1,1,3,99,0.6112313612313612,0.2883482538785569,0.38600014304501634,0.607034795763994,8,1.4656528380000964,1.4784416470001815
100,30,online_adaptive_controversial,classification,0.1,0.1,2,3,99,0.5068615447403326,0.4085139888170191,0.44780244958517795,0.19342010122921185,14,0.8764875850001772,0.8895120329998463
100,30,online_adaptive_controversial,classification,0.1,0.3,0,2,97,0.5970131192841927,0.6507912191787586,0.6175332717340533,0.8464491362763915,4,0.8346648220003772,0.8481396750003114
100,30,online_adaptive_controversial,classification,0.1,0.3,1,2,97,0.5761841537614734,0.42564999096988176,0.4846879996835035,0.6558245083207261,6,0.7985830650004573,0.8159265719996256
100,30,online_adaptive_controversial,classification,0.1,0.3,2,2,97,0.5528523881616665,0.4434534596526713,0.48710747838503365,0.3926247288503254,9,0.953572909000286,0.9671632070003398
100,30,online_adaptive_controversial,classification,0.1,0.5,0,2,95,0.6084722003143056,0.4965813220147585,0.5376635681659127,0.48982725527831095,8,1.0345742720000999,1.0470644269998957
100,30,online_adaptive_controversial,classification,0.1,0.5,1,2,95,0.6079953672058935,0.4332736037612198,0.4965413272414073,0.9665279878971256,2,1.4524095229999148,1.4642763609999747
100,30,online_adaptive_controversial,classification,0.1,0.5,2,2,95,0.5538334764650554,0.4072952838355315,0.4642398975114152,0.5524222704266089,7,1.0669295030002104,1.0790456469994751
100,30,online_adaptive_controversial,classification,0.1,0.7,0,1,93,0.6314176862563959,0.6287019993851113,0.6247987686306959,0.7297504798464491,5,1.4069512080004642,1.4182698840004377
100,30,online_adaptive_controversial,classification,0.1,0.7,1,1,93,0.5808955978310817,0.45331835744549215,0.4982295849365398,0.6380484114977307,6,1.0989884390000952,1.1184123590001036
100,30,online_adaptive_controversial,classification,0.1,0.7,2,1,93,0.5376619795974634,0.4202518351000325,0.46496105017414996,0.4267895878524946,10,1.1456329559996448,1.1578980889999002
100,30,online_adaptive_controversial,classification,0.1,0.9,0,0,91,0.5899725274725275,0.6749790552103178,0.625342025326176,0.7385796545105566,5,1.245953734000068,1.2586116499996933
100,30,online_adaptive_controversial,classification,0.1,0.9,1,0,91,0.5620094191522762,0.30447984078355256,0.3915292330323268,0.522125567322239,8,1.1092611429994577,1.1214330869997866
100,30,online_adaptive_controversial,classification,0.1,0.9,2,0,91,0.48451548451548454,0.40038585916516034,0.4336897652243941,0.40853217642805495,10,1.1873313989999588,1.2133548419997169
100,30,online_adaptive_controversial,classification,0.3,0.1,0,8,97,0.6593956444471909,0.6559848656498141,0.6471228505311848,0.6355086372360844,5,1.62982860899956,1.6428718050001407
100,30,online_adaptive_controversial,classification,0.3,0.1,1,8,97,0.6274423171330388,0.5062789730315503,0.5477397826846837,0.8651664145234493,4,1.5544115610000517,1.5674301429999105
100,30,online_adaptive_controversial,classification,0.3,0.1,2,8,97,0.6244542399181574,0.5283292022982745,0.5613965999653047,0.6019522776572668,9,1.4955069440002262,1.5095100649996311
100,30,online_adaptive_controversial,classification,0.3,0.3,0,7,91,0.6531575038119963,0.7170684662604507,0.6742928187753783,0.9848368522072937,0,1.7019663259998197,1.714079755000057
100,30,online_adaptive_controversial,classification,0.3,0.3,1,7,91,0.6273635095063667,0.5430287356111533,0.5690168901482524,0.8038956127080181,4,1.710918579000463,1.7233272090006722
100,30,online_adaptive_controversial,classification,0.3,0.3,2,7,91,0.6232894699927667,0.5074726707968465,0.5460162547130533,0.3926247288503254,9,1.736720226000216,1.7500773290003053
100,30,online_adaptive_controversial,classification,0.3,0.5,0,5,85,0.6235821608226453,0.7071112384347679,0.6561465059871044,0.7385796545105566,5,2.1164889130004667,2.1351329350000015
100,30,online_adaptive_controversial,classification,0.3,0.5,1,5,85,0.6771462524403701,0.4933844260314848,0.5521151138651317,0.6580937972768532,6,1.3190300160003972,1.3308585160002622
100,30,online_adaptive_controversial,classification,0.3,0.5,2,5,85,0.6589522895405249,0.514069459951813,0.5683571714322924,0.7438539407086044,7,1.6103216609999436,1.622314995999659
100,30,online_adaptive_controversial,classification,0.3,0.7,0,3,79,0.6250041304769525,0.6633912408018886,0.6356285125541907,0.8086372360844529,4,1.8120933790005438,1.8239900409998882
100,30,online_adaptive_controversial,classification,0.3,0.7,1,3,79,0.6008426875515483,0.5078325724081495,0.5350228295503823,0.8142965204236006,3,2.047625379999772,2.0593872440003906
100,30,online_adaptive_controversial,classification,0.3,0.7,2,3,79,0.581055354631304,0.5571634960968542,0.5627791163451757,0.5526030368763557,10,1.4893232550002722,1.5010385670002506
100,30,online_adaptive_controversial,classification,0.3,0.9,0,1,73,0.6208303302481385,0.6048113889376241,0.6060359424725176,0.6702495201535509,6,2.1881282940003075,2.203908919999776
100,30,online_adaptive_controversial,classification,0.3,0.9,1,1,73,0.6221741348453678,0.4781728433622068,0.5248421930763041,0.8142965204236006,2,1.454761889999645,1.4656980749996364
100,30,online_adaptive_controversial,classification,0.3,0.9,2,1,73,0.5541784699318946,0.5139556780238107,0.5288485236900269,0.4611352133044107,10,1.6597860739993848,1.6723125090002213
100,30,online_adaptive_controversial,classification,0.5,0.1,0,14,95,0.7553299916457811,0.6728880768354453,0.7008558212558539,0.673320537428023,6,1.7158489049998025,1.7282808030004162
100,30,online_adaptive_controversial,classification,0.5,0.1,1,14,95,0.7139724310776941,0.6304739120528594,0.6491702758885421,0.9858169440242057,0,1.957598694999433,1.9707727730001352
100,30,online_adaptive_controversial,classification,0.5,0.1,2,14,95,0.6690415432520695,0.5646916533758639,0.5969331071767116,0.6019522776572668,8,4.3040908240000135,4.337681826000335
100,30,online_adaptive_controversial,classification,0.5,0.3,0,12,85,0.7409056956115779,0.7368943474825829,0.7299227188281213,0.8086372360844529,4,2.715545345999999,2.7295810969999366
100,30,online_adaptive_controversial,classification,0.5,0.3,1,12,85,0.6915546218487395,0.5605245734657499,0.6012244387676914,0.9665279878971256,2,2.2456852150007762,2.262919162999424
100,30,online_adaptive_controversial,classification,0.5,0.3,2,12,85,0.7029449961802903,0.5418746286393346,0.599128307685512,0.6934201012292118,6,1.6308041789998242,1.6429208140007177
100,30,online_adaptive_controversial,classification,0.5,0.5,0,10,75,0.7205339105339106,0.7174992044992045,0.7072550773087858,0.8086372360844529,4,2.4557458159997623,2.467155393000212
100,30,online_adaptive_controversial,classification,0.5,0.5,1,10,75,0.6785988455988456,0.5765911495911495,0.6071967249583349,0.8142965204236006,3,1.6283710900006554,1.6396105130006617
100,30,online_adaptive_controversial,classification,0.5,0.5,2,10,75,0.6568104858104858,0.630067007067007,0.6293845111430251,0.8235719450469993,3,2.2662889819994234,2.2779547420004747
100,30,online_adaptive_controversial,classification,0.5,0.7,0,7,65,0.7076550799627723,0.6959370543985929,0.6912194761304074,0.8086372360844529,3,2.296018811999602,2.3071450930001447
100,30,online_adaptive_controversial,classification,0.5,0.7,1,7,65,0.6793856143856144,0.5861149534226457,0.6162183591684922,0.8142965204236006,2,2.424491789000058,2.435142733000248
100,30,online_adaptive_controversial,classification,0.5,0.7,2,7,65,0.6549097483712868,0.669444763381415,0.6497353215415487,0.6934201012292118,6,1.8024762659997577,1.812998938000419
100,30,online_adaptive_controversial,classification,0.5,0.9,0,3,55,0.6722868797868797,0.6706464020234073,0.6653402552112766,0.6355086372360844,6,2.2273637620000954,2.2372412329996223
100,30,online_adaptive_controversial,classification,0.5,0.9,1,3,55,0.6506018224200043,0.5917408853772491,0.6086493174064118,0.8142965204236006,2,1.9243288150000808,1.933670088999861
100,30,online_adaptive_controversial,classification,0.5,0.9,2,3,55,0.5582786153240699,0.5792697780532006,0.5617673946784155,0.6943239334779465,5,1.7596914100004142,1.7716490220000196
100,30,online_adaptive_controversial,classification,0.7,0.1,0,20,93,0.7560675883256529,0.7228110599078341,0.7155080284112542,0.8117082533589252,2,2.465047245000278,2.477653373999601
100,30,online_adaptive_controversial,classification,0.7,0.1,1,20,93,0.7238351254480286,0.6097286226318485,0.6282347282347283,0.8142965204236006,3,2.1621867300000304,2.1744298809999236
100,30,online_adaptive_controversial,classification,0.7,0.1,2,20,93,0.6795186891961086,0.6001408090117767,0.6089680331615815,0.8694866232827188,2,2.136734079999769,2.1488975129996106
100,30,online_adaptive_controversial,classification,0.7,0.3,0,19,79,0.7424653405666064,0.7875226039783002,0.7427082059993452,0.8086372360844529,3,2.070533603000513,2.082072958000026
100,30,online_adaptive_controversial,classification,0.7,0.3,1,19,79,0.7003918022905364,0.5961723930078361,0.6214870221199336,0.7950075642965204,4,1.7442828129996997,1.7595947139998316
100,30,online_adaptive_controversial,classification,0.7,0.3,2,19,79,0.7436106088004822,0.6764315852923448,0.687583373026411,0.8235719450469993,3,1.9327593530006197,1.9463169839991679
100,30,online_adaptive_controversial,classification,0.7,0.5,0,16,65,0.7287118437118437,0.7520329670329671,0.7298788818019587,0.9848368522072937,0,1.811410770999828,1.8218963340004848
100,30,online_adaptive_controversial,classification,0.7,0.5,1,16,65,0.7498168498168498,0.5800000000000001,0.6247928140235832,0.9858169440242057,0,2.27033069800018,2.2814321759997256
100,30,online_adaptive_controversial,classification,0.7,0.5,2,16,65,0.7246398046398046,0.7181807081807081,0.7023341213838952,0.8235719450469993,3,2.1254790379998667,2.136254011999881
100,30,online_adaptive_controversial,classification,0.7,0.7,0,12,51,0.7221797810033104,0.7409317262258439,0.7210361259304986,0.8086372360844529,2,2.45857318400067,2.4686735879995467
100,30,online_adaptive_controversial,classification,0.7,0.7,1,12,51,0.7756069094304389,0.6590802987861812,0.6956392639783643,0.9858169440242057,0,2.042731274000289,2.0525528269999995
100,30,online_adaptive_controversial,classification,0.7,0.7,2,12,51,0.6967834997246762,0.6987974987974988,0.6843900515834036,0.6979392624728851,4,3.0080299530000048,3.017801619999773
100,30,online_adaptive_controversial,classification,0.7,0.9,0,6,37,0.7098174348174349,0.6885205635205635,0.691007818422006,0.6355086372360844,5,2.637756296000589,2.6464212749997387
100,30,online_adaptive_controversial,classification,0.7,0.9,1,6,37,0.7338393588393589,0.6514570264570264,0.6791619821563286,0.9665279878971256,2,2.2555410550003216,2.2641663109998262
100,30,online_adaptive_controversial,classification,0.7,0.9,2,6,37,0.6838410838410839,0.6642971451794981,0.6670346192071862,0.5677874186550976,6,2.1758697859995664,2.1864495310001075
100,30,online_adaptive_controversial,classification,0.9,0.1,0,27,91,0.6684981684981686,0.6355311355311356,0.6329670329670329,0.9848368522072937,0,2.298651365000296,2.310760403000131
100,30,online_adaptive_controversial,classification,0.9,0.1,1,27,91,0.3516483516483517,0.3223443223443223,0.326007326007326,0.9858169440242057,0,3.1232719059999,3.1546747519996643
100,30,online_adaptive_controversial,classification,0.9,0.1,2,27,91,0.4908424908424908,0.4761904761904762,0.4677655677655677,0.9996384671005062,0,3.2886398709997593,3.3057457479999357
100,30,online_adaptive_controversial,classification,0.9,0.3,0,26,73,0.7397260273972602,0.7328767123287672,0.7105022831050228,0.9848368522072937,0,2.9999390780003523,3.0119684390001566
100,30,online_adaptive_controversial,classification,0.9,0.3,1,26,73,0.4611872146118721,0.44063926940639264,0.43333333333333335,0.9858169440242057,0,2.221431888000552,2.232241697999598
100,30,online_adaptive_controversial,classification,0.9,0.3,2,26,73,0.5547945205479452,0.5296803652968036,0.5178082191780822,0.9996384671005062,0,2.769452215000456,2.7807715569997526
100,30,online_adaptive_controversial,classification,0.9,0.5,0,25,55,0.7606060606060606,0.7136363636363636,0.7192207792207792,0.9848368522072937,0,1.8137397270002111,1.8237482599997747
100,30,online_adaptive_controversial,classification,0.9,0.5,1,25,55,0.509090909090909,0.3787878787878788,0.41757575757575754,0.9858169440242057,0,2.5828381410001384,2.592749000999902
100,30,online_adaptive_controversial,classification,0.9,0.5,2,25,55,0.5727272727272728,0.5212121212121212,0.52,0.9996384671005062,0,1.8481262899995272,1.8576794660002633
100,30,online_adaptive_controversial,classification,0.9,0.7,0,22,37,0.75,0.7391891891891892,0.7262977262977263,0.9848368522072937,0,1.723257623999416,1.7314041230001749
100,30,online_adaptive_controversial,classification,0.9,0.7,1,22,37,0.7454954954954954,0.6400900900900901,0.6276705276705277,0.9858169440242057,0,1.9909699310001088,1.9989608169998974
100,30,online_adaptive_controversial,classification,0.9,0.7,2,22,37,0.668918918918919,0.6423423423423423,0.6194980694980695,0.9996384671005062,0,2.3405972979999206,2.3504450560003534
100,30,online_adaptive_controversial,classification,0.9,0.9,0,14,19,0.7962406015037594,0.7792397660818713,0.782662126315377,0.8086372360844529,3,1.9727498550000746,1.9825590130003548
100,30,online_adaptive_controversial,classification,0.9,0.9,1,14,19,0.7568922305764412,0.6798872180451128,0.6976243055190423,0.9858169440242057,0,2.5230397939994873,2.529676804000701
100,30,online_adaptive_controversial,classification,0.9,0.9,2,14,19,0.7094098883572567,0.7025898078529658,0.6912112741060109,0.9996384671005062,0,2.0834128520000377,2.096338213999843
100,30,online_adaptive_controversial,matrix_factorization,0.1,0.1,0,3,99,0.5875248542342079,0.650621439946189,0.5757527482195782,0.43339731285988486,10,0.06968286200026341,0.08256219800023246
100,30,online_adaptive_controversial,matrix_factorization,0.1,0.1,1,3,99,0.5277205565524173,0.4346723983087619,0.4253822883067206,0.607034795763994,8,0.07629939599974023,0.08958431600058248
100,30,online_adaptive_controversial,matrix_factorization,0.1,0.1,2,3,99,0.5037689059098809,0.42742477780356564,0.43241022889612524,0.37635574837310193,10,0.07911905999935698,0.09847491399978026
100,30,online_adaptive_controversial,matrix_factorization,0.1,0.3,0,2,97,0.5763483290863765,0.6335065299621171,0.5869328403272925,0.7809980806142035,4,0.06138087900035316,0.07426759500049229
100,30,online_adaptive_controversial,matrix_factorization,0.1,0.3,1,2,97,0.5507288260344338,0.392266530047003,0.43429025569323143,0.6558245083207261,6,0.06526999400011846,0.07781861100011156
100,30,online_adaptive_controversial,matrix_factorization,0.1,0.3,2,2,97,0.5400721296212183,0.4037582136884745,0.4371450153354342,0.5227765726681128,6,0.1442252480001116,0.15881595800055948
100,30,online_adaptive_controversial,matrix_factorization,0.1,0.5,0,2,95,0.6332075421455412,0.5766783586210831,0.570566517758839,0.7385796545105566,5,0.06314254999961122,0.07978389799973229
100,30,online_adaptive_controversial,matrix_factorization,0.1,0.5,1,2,95,0.5893488284328767,0.5209299206125831,0.5077096558035447,0.8142965204236006,2,0.06540661199960596,0.08005111500006024
100,30,online_adaptive_controversial,matrix_factorization,0.1,0.5,2,2,95,0.5475788582139051,0.4112210862752658,0.4321668998529483,0.8201373825018077,4,0.0591746879999846,0.07189497499985009
100,30,online_adaptive_controversial,matrix_factorization,0.1,0.7,0,1,93,0.5977128508238065,0.6528492336604291,0.606920592875161,0.7809980806142035,4,0.045630028000232414,0.058479457999965234
100,30,online_adaptive_controversial,matrix_factorization,0.1,0.7,1,1,93,0.5685177769380806,0.45288898237190456,0.47954740922173184,0.6380484114977307,6,0.05002978699940286,0.06276386300032755
100,30,online_adaptive_controversial,matrix_factorization,0.1,0.7,2,1,93,0.49341714491145233,0.41529025914699536,0.42968332315044777,0.40853217642805495,12,0.04993686299985711,0.06277376700018067
100,30,online_adaptive_controversial,matrix_factorization,0.1,0.9,0,0,91,0.5899725274725275,0.6749790552103178,0.625342025326176,0.7385796545105566,5,0.04346432599959371,0.056332592999751796
100,30,online_adaptive_controversial,matrix_factorization,0.1,0.9,1,0,91,0.47396082178690874,0.8595960607566262,0.6050551182424929,0.522125567322239,8,0.05032496799958608,0.07181244100047479
100,30,online_adaptive_controversial,matrix_factorization,0.1,0.9,2,0,91,0.48451548451548454,0.40038585916516034,0.4336897652243941,0.40853217642805495,10,0.0349623199999769,0.04787301899978047
100,30,online_adaptive_controversial,matrix_factorization,0.3,0.1,0,8,97,0.6474432076918432,0.6320376788160293,0.6093474235776137,0.8086372360844529,2,0.13737081999988732,0.15127756399942882
100,30,online_adaptive_controversial,matrix_factorization,0.3,0.1,1,8,97,0.6261466197033208,0.4401592107777675,0.4780784473378104,0.8651664145234493,4,0.134863621000477,0.14767984399986744
100,30,online_adaptive_controversial,matrix_factorization,0.3,0.1,2,8,97,0.5437341480701093,0.4513478789251985,0.45504896577804427,0.8740057845263919,3,0.1273528029996669,0.14033069600009185
100,30,online_adaptive_controversial,matrix_factorization,0.3,0.3,0,7,91,0.6269759330173375,0.6607525357282953,0.6133237623480866,0.9848368522072937,0,0.13659587099937198,0.14970407099917793
100,30,online_adaptive_controversial,matrix_factorization,0.3,0.3,1,7,91,0.6282518763287994,0.4878475919684711,0.5027698598943615,0.9665279878971256,2,0.11903198300024087,0.13177683699996123
100,30,online_adaptive_controversial,matrix_factorization,0.3,0.3,2,7,91,0.5234367089417611,0.4357148956050055,0.4428160519987554,0.5677874186550976,7,0.12511709399950632,0.13802769600079046
100,30,online_adaptive_controversial,matrix_factorization,0.3,0.5,0,5,85,0.611730227117224,0.6536138371432489,0.6032703333382375,0.7385796545105566,5,0.1007268399998793,0.11270684299961431
100,30,online_adaptive_controversial,matrix_factorization,0.3,0.5,1,5,85,0.6594640797495469,0.4452117653588242,0.46608659689554144,0.8142965204236006,2,0.10135374200035585,0.11296634699920105
100,30,online_adaptive_controversial,matrix_factorization,0.3,0.5,2,5,85,0.5899430525564199,0.37210944284473696,0.410192820399916,0.7438539407086044,6,0.10517438299939386,0.11721530100021482
100,30,online_adaptive_controversial,matrix_factorization,0.3,0.7,0,3,79,0.6434765625290569,0.628803196059339,0.5931035353488255,0.8086372360844529,2,0.07566019600017171,0.0877436780001517
100,30,online_adaptive_controversial,matrix_factorization,0.3,0.7,1,3,79,0.6276607586175716,0.5264062114769487,0.5279632323027138,0.8142965204236006,2,0.09831159899931663,0.10984009000003425
100,30,online_adaptive_controversial,matrix_factorization,0.3,0.7,2,3,79,0.49400151747204696,0.5449223978635743,0.4776169033723794,0.7438539407086044,7,0.08600896500047384,0.09786111899938987
100,30,online_adaptive_controversial,matrix_factorization,0.3,0.9,0,1,73,0.6532796451914099,0.4965662768368566,0.52990875073418,0.8086372360844529,2,0.06086273000073561,0.07214245800059871
100,30,online_adaptive_controversial,matrix_factorization,0.3,0.9,1,1,73,0.5876553686069154,0.5413489992861468,0.5302743297910604,0.6488275340393344,7,0.07799090699973021,0.08926810299999488
100,30,online_adaptive_controversial,matrix_factorization,0.3,0.9,2,1,73,0.5103857051548853,0.48574578786260797,0.45935853128607523,0.6865509761388287,5,0.0682832310003505,0.0797740279995196
100,30,online_adaptive_controversial,matrix_factorization,0.5,0.1,0,14,95,0.7057685881370092,0.6085846317425265,0.6287590393782344,0.6702495201535509,6,0.20690972800002783,0.21948274800070067
100,30,online_adaptive_controversial,matrix_factorization,0.5,0.1,1,14,95,0.683375659428291,0.5504249259512417,0.5645616988699929,0.9858169440242057,0,0.2123492870005066,0.2247540950002076
100,30,online_adaptive_controversial,matrix_factorization,0.5,0.1,2,14,95,0.5490802180275864,0.4532581453634085,0.4512470469077932,0.7438539407086044,5,0.20778964900000574,0.2203239050004413
100,30,online_adaptive_controversial,matrix_factorization,0.5,0.3,0,12,85,0.6698582463288345,0.6533991825168296,0.6362045030271694,0.8086372360844529,2,0.17493216900038533,0.1871412020000207
100,30,online_adaptive_controversial,matrix_factorization,0.5,0.3,1,12,85,0.7051239283592226,0.5254969866734572,0.558082951569566,0.9665279878971256,2,0.1776294979999875,0.1893905819997599
100,30,online_adaptive_controversial,matrix_factorization,0.5,0.3,2,12,85,0.5464420873244403,0.4039096850861557,0.4217286885159214,0.8694866232827188,2,0.2015670829996452,0.21525924199977453
100,30,online_adaptive_controversial,matrix_factorization,0.5,0.5,0,10,75,0.6712778768072886,0.624027491027491,0.6112587642629461,0.8086372360844529,3,0.25220678799996676,0.26601056899926334
100,30,online_adaptive_controversial,matrix_factorization,0.5,0.5,1,10,75,0.7041105746105746,0.5187840307840308,0.568673452908747,0.8142965204236006,3,0.1457649260000835,0.15685774099983973
100,30,online_adaptive_controversial,matrix_factorization,0.5,0.5,2,10,75,0.5313118199882906,0.5127930217930218,0.48090486450323805,0.8694866232827188,2,0.23494916500021645,0.24592860600023414
100,30,online_adaptive_controversial,matrix_factorization,0.5,0.7,0,7,65,0.6470149396147822,0.6336154443846752,0.616210102974405,0.8086372360844529,4,0.12785841599998093,0.13908067800002755
100,30,online_adaptive_controversial,matrix_factorization,0.5,0.7,1,7,65,0.6983192649482243,0.5003559688175072,0.5396815419193832,0.7950075642965204,4,0.127621438999995,0.1385017249995144
100,30,online_adaptive_controversial,matrix_factorization,0.5,0.7,2,7,65,0.5264228008899359,0.4998005413390029,0.458049416648353,0.6934201012292118,6,0.1325746740003524,0.14312009600052988
100,30,online_adaptive_controversial,matrix_factorization,0.5,0.9,0,3,55,0.6486596878167076,0.6428906417409092,0.6223989388944483,0.8086372360844529,3,0.09708181299993157,0.1071795790003307
100,30,online_adaptive_controversial,matrix_factorization,0.5,0.9,1,3,55,0.7055982640432401,0.4713594990867718,0.5004758639207543,0.8142965204236006,3,0.10113915300007648,0.11123614000007365
100,30,online_adaptive_controversial,matrix_factorization,0.5,0.9,2,3,55,0.4466965344223387,0.49313876260400324,0.4044133526048143,0.8694866232827188,2,0.10355460300070263,0.11329909500000213
100,30,online_adaptive_controversial,matrix_factorization,0.7,0.1,0,20,93,0.7143113159242191,0.7023809523809523,0.6812305376821506,0.9848368522072937,0,0.3401850079999349,0.3524501430001692
100,30,online_adaptive_controversial,matrix_factorization,0.7,0.1,1,20,93,0.6840501792114695,0.5018689196108551,0.5375700166022747,0.9665279878971256,2,0.27631911099979334,0.2889128779997918
100,30,online_adaptive_controversial,matrix_factorization,0.7,0.1,2,20,93,0.6551971326164874,0.49393241167434715,0.5380269670592251,0.9996384671005062,0,0.27473546600049303,0.28742712099938217
100,30,online_adaptive_controversial,matrix_factorization,0.7,0.3,0,19,79,0.736965039180229,0.7346594333936106,0.7063787829610615,0.8086372360844529,3,0.33105696700022236,0.34257854299994506
100,30,online_adaptive_controversial,matrix_factorization,0.7,0.3,1,19,79,0.688245931283906,0.4788728149487643,0.5343717463970629,0.9665279878971256,2,0.24542854900028033,0.25755751700035034
100,30,online_adaptive_controversial,matrix_factorization,0.7,0.3,2,19,79,0.630741410488246,0.49858348402652203,0.5218039344621623,0.8235719450469993,3,0.24318929800028855,0.254664509999202
100,30,online_adaptive_controversial,matrix_factorization,0.7,0.5,0,16,65,0.7244871794871796,0.7445238095238095,0.7157329246922007,0.6355086372360844,5,0.2246292279996851,0.23535347699998965
100,30,online_adaptive_controversial,matrix_factorization,0.7,0.5,1,16,65,0.7633394383394384,0.5504945054945055,0.5840620063696986,0.9858169440242057,0,0.20856817700041574,0.21887749799952871
100,30,online_adaptive_controversial,matrix_factorization,0.7,0.5,2,16,65,0.6705799755799756,0.5697069597069596,0.5851673540135078,0.8235719450469993,3,0.20613236999997753,0.21670973900017998
100,30,online_adaptive_controversial,matrix_factorization,0.7,0.7,0,12,51,0.7335147903487004,0.639865744277509,0.6550847010148,0.8086372360844529,3,0.1621502239995607,0.17184221700063063
100,30,online_adaptive_controversial,matrix_factorization,0.7,0.7,1,12,51,0.7704643395819866,0.5632352941176471,0.6027257147635949,0.9858169440242057,0,0.16187562400045863,0.17140795900013472
100,30,online_adaptive_controversial,matrix_factorization,0.7,0.7,2,12,51,0.565294701453871,0.49532509973686445,0.46918478214690196,0.5677874186550976,6,0.24591419300031703,0.2554147169994394
100,30,online_adaptive_controversial,matrix_factorization,0.7,0.9,0,6,37,0.6931696284637461,0.6228834978834978,0.6311775297103066,0.6355086372360844,6,0.12901126900032978,0.14009529799932352
100,30,online_adaptive_controversial,matrix_factorization,0.7,0.9,1,6,37,0.7273658773658773,0.5002621252621252,0.5543108235135773,0.9665279878971256,2,0.11689836900040973,0.12711470799968083
100,30,online_adaptive_controversial,matrix_factorization,0.7,0.9,2,6,37,0.3301788448527579,0.4954584454584454,0.37445430799303786,0.5677874186550976,6,0.12282725000022765,0.13118554199991195
100,30,online_adaptive_controversial,matrix_factorization,0.9,0.1,0,27,91,0.6575091575091575,0.6355311355311356,0.6274725274725275,0.9848368522072937,0,0.39716450500054634,0.4101485600003798
100,30,online_adaptive_controversial,matrix_factorization,0.9,0.1,1,27,91,0.36813186813186816,0.31135531135531136,0.32783882783882784,0.9858169440242057,0,0.3446293009992587,0.35698724099984247
100,30,online_adaptive_controversial,matrix_factorization,0.9,0.1,2,27,91,0.42857142857142855,0.37362637362637363,0.39157509157509157,0.9996384671005062,0,0.3455488700001297,0.35772384600022633
100,30,online_adaptive_controversial,matrix_factorization,0.9,0.3,0,26,73,0.7602739726027398,0.7374429223744292,0.7242009132420092,0.9848368522072937,0,0.3814495659999011,0.3924018179995983
100,30,online_adaptive_controversial,matrix_factorization,0.9,0.3,1,26,73,0.5068493150684932,0.4589041095890411,0.46347031963470325,0.9858169440242057,0,0.29785892400013836,0.30881691800004774
100,30,online_adaptive_controversial,matrix_factorization,0.9,0.3,2,26,73,0.5182648401826484,0.42579908675799083,0.44827136333985645,0.9996384671005062,0,0.32938840400038316,0.3483837109997694
100,30,online_adaptive_controversial,matrix_factorization,0.9,0.5,0,25,55,0.8333333333333334,0.7212121212121212,0.7509090909090909,0.9848368522072937,0,0.35177773799932766,0.3617510180001773
100,30,online_adaptive_controversial,matrix_factorization,0.9,0.5,1,25,55,0.6454545454545455,0.44696969696969696,0.5072727272727272,0.9858169440242057,0,0.2547396939999089,0.26433684999938123
100,30,online_adaptive_controversial,matrix_factorization,0.9,0.5,2,25,55,0.5454545454545454,0.3878787878787879,0.4351515151515152,0.9996384671005062,0,0.2569154519997028,0.2663679590004904
100,30,online_adaptive_controversial,matrix_factorization,0.9,0.7,0,22,37,0.7972972972972973,0.7486486486486487,0.7607464607464608,0.9848368522072937,0,0.28640114799964067,0.2948831970006722
100,30,online_adaptive_controversial,matrix_factorization,0.9,0.7,1,22,37,0.8063063063063063,0.5873873873873874,0.6352638352638352,0.9858169440242057,0,0.2000766510000176,0.20830197800023598
100,30,online_adaptive_controversial,matrix_factorization,0.9,0.7,2,22,37,0.6936936936936937,0.5324324324324324,0.5846203346203346,0.9996384671005062,0,0.207532006999827,0.21648255299987795
100,30,online_adaptive_controversial,matrix_factorization,0.9,0.9,0,14,19,0.7601712614870509,0.6316416040100251,0.6697374349077135,0.9848368522072937,0,0.15062964400021883,0.16184198500013736
100,30,online_adaptive_controversial,matrix_factorization,0.9,0.9,1,14,19,0.6718045112781955,0.6271929824561403,0.6145988514409567,0.9858169440242057,0,0.16078559000015957,0.1679037320000134
100,30,online_adaptive_controversial,matrix_factorization,0.9,0.9,2,14,19,0.5943267259056733,0.46328320802005013,0.4572377914483178,0.9996384671005062,0,0.17106836199945974,0.1782729360002122
100,30,online_adaptive_controversial,factorization_machines,0.1,0.1,0,3,99,0.5007542400308362,0.5527272890768528,0.512312488620996,0.3821497120921305,9,0.06210285599991039,0.07836104200032423
100,30,online_adaptive_controversial,factorization_machines,0.1,0.1,1,3,99,0.47822906693227546,0.4786173842992025,0.4529108936251217,0.7832829046898638,4,0.06611883999994461,0.07964039799935563
100,30,online_adaptive_controversial,factorization_machines,0.1,0.1,2,3,99,0.5032469326408721,0.499533309003006,0.4797753626200816,0.3510484454085322,11,0.06173970100007864,0.07733731799999077
100,30,online_adaptive_controversial,factorization_machines,0.1,0.3,0,2,97,0.5152763553873095,0.5551119359647654,0.5278082531355341,0.6614203454894434,6,0.05102355400049419,0.06340946099953726
100,30,online_adaptive_controversial,factorization_machines,0.1,0.3,1,2,97,0.5038285224239231,0.4955167920146695,0.47399816654689775,0.6558245083207261,6,0.050245903999893926,0.06304824699964229
100,30,online_adaptive_controversial,factorization_machines,0.1,0.3,2,2,97,0.489960586528682,0.4745687117275959,0.46018462560765394,0.5227765726681128,6,0.05534927099961351,0.06880265800009511
100,30,online_adaptive_controversial,factorization_machines,0.1,0.5,0,2,95,0.5272526557775865,0.5223507366386624,0.5047997474829955,0.4197696737044146,9,0.05472403499970824,0.0758838960000503
100,30,online_adaptive_controversial,factorization_machines,0.1,0.5,1,2,95,0.4789884393212567,0.47797015076426835,0.44973962266873063,0.8142965204236006,4,0.04973023000002286,0.06222579799941741
100,30,online_adaptive_controversial,factorization_machines,0.1,0.5,2,2,95,0.5076666256000621,0.5086909770655901,0.4957167507880327,0.8201373825018077,4,0.05365197999981319,0.06624863700017158
100,30,online_adaptive_controversial,factorization_machines,0.1,0.7,0,1,93,0.5797101344564642,0.6182965463800378,0.5717604899961508,0.8464491362763915,4,0.0408240239994484,0.05353715799992642
100,30,online_adaptive_controversial,factorization_machines,0.1,0.7,1,1,93,0.54603643071385,0.5111731353192454,0.5058962671482987,0.7083963691376702,5,0.042480120000618626,0.05491404100030195
100,30,online_adaptive_controversial,factorization_machines,0.1,0.7,2,1,93,0.4711336383063139,0.4281290280104322,0.4322179640182881,0.2827187274041938,14,0.039985700999750406,0.05343314699985058
100,30,online_adaptive_controversial,factorization_machines,0.1,0.9,0,0,91,0.5884372979961215,0.677708194203193,0.6256235246957953,0.7385796545105566,5,0.13885529799972574,0.15735464499994123
100,30,online_adaptive_controversial,factorization_machines,0.1,0.9,1,0,91,0.5307764131293543,0.7385555356972872,0.6108910347678967,0.522125567322239,8,0.030312004000734305,0.04666692699993291
100,30,online_adaptive_controversial,factorization_machines,0.1,0.9,2,0,91,0.48934255520389974,0.526830420077962,0.5015436904900977,0.40853217642805495,10,0.0375918810004805,0.05123443299999053
100,30,online_adaptive_controversial,factorization_machines,0.3,0.1,0,8,97,0.6379849772823185,0.6446109303068066,0.6235046732017281,0.8086372360844529,3,0.1268587849999676,0.1426528940000935
100,30,online_adaptive_controversial,factorization_machines,0.3,0.1,1,8,97,0.5925487742498051,0.5024039534348812,0.5193225052179997,0.8651664145234493,4,0.11773039299987431,0.13249603400072374
100,30,online_adaptive_controversial,factorization_machines,0.3,0.1,2,8,97,0.558847810265336,0.5484504327287832,0.53843724619723,0.5686912509038322,8,0.11978830100088089,0.13441113499993662
100,30,online_adaptive_controversial,factorization_machines,0.3,0.3,0,7,91,0.6129533263906244,0.680416366833626,0.6310299256649295,0.7385796545105566,5,0.10949320799954876,0.12304668900014804
100,30,online_adaptive_controversial,factorization_machines,0.3,0.3,1,7,91,0.5839043740142641,0.571190470091569,0.5586585983762544,0.9665279878971256,2,0.1062543870002628,0.11967499000002135
100,30,online_adaptive_controversial,factorization_machines,0.3,0.3,2,7,91,0.6239820762445196,0.5556559588152995,0.5706272962761106,0.6934201012292118,4,0.20796482599962474,0.22070838200033904
100,30,online_adaptive_controversial,factorization_machines,0.3,0.5,0,5,85,0.6169985157095884,0.6622717478599832,0.6291000545654862,0.7385796545105566,5,0.08824398499928066,0.10025199099982274
100,30,online_adaptive_controversial,factorization_machines,0.3,0.5,1,5,85,0.5926496600285528,0.54563224357342,0.5488237463093314,0.7832829046898638,4,0.08741459200064128,0.09920347000024776
100,30,online_adaptive_controversial,factorization_machines,0.3,0.5,2,5,85,0.6658395755481896,0.5773002977414743,0.597835099963515,0.7438539407086044,7,0.08448474899978464,0.09674361599991244
100,30,online_adaptive_controversial,factorization_machines,0.3,0.7,0,3,79,0.598262142467966,0.6431091494754935,0.6092995355557037,0.7385796545105566,5,0.07239769799980422,0.09051790699959383
100,30,online_adaptive_controversial,factorization_machines,0.3,0.7,1,3,79,0.5107337458603282,0.5216458088945058,0.5054094117902874,0.8142965204236006,3,0.07182481400013785,0.08365155899991805
100,30,online_adaptive_controversial,factorization_machines,0.3,0.7,2,3,79,0.5600646203131374,0.6053026656060908,0.5641938645509033,0.3926247288503254,10,0.07008425500043813,0.08150798499991652
100,30,online_adaptive_controversial,factorization_machines,0.3,0.9,0,1,73,0.6326006034364107,0.5662409768982355,0.5855354820999713,0.8464491362763915,4,0.05848218599930988,0.06978724999953556
100,30,online_adaptive_controversial,factorization_machines,0.3,0.9,1,1,73,0.5401110640635218,0.5639822506260863,0.5443508747367044,0.8142965204236006,3,0.05347136300042621,0.06423323299986805
100,30,online_adaptive_controversial,factorization_machines,0.3,0.9,2,1,73,0.5041391626101537,0.4991310754171775,0.49392911986138094,0.6945046999276934,5,0.054713993000405026,0.06625298099970678
100,30,online_adaptive_controversial,factorization_machines,0.5,0.1,0,14,95,0.7523179160021266,0.7329452711031659,0.7272686953588967,0.8086372360844529,2,0.1903360229998725,0.20259654599976784
100,30,online_adaptive_controversial,factorization_machines,0.5,0.1,1,14,95,0.7201143009037746,0.6895017847649427,0.6794606101808317,0.9858169440242057,0,0.18917691700062278,0.20282832799966855
100,30,online_adaptive_controversial,factorization_machines,0.5,0.1,2,14,95,0.6847167160325055,0.6660211133895344,0.6549436699306342,0.5686912509038322,6,0.2019277740000689,0.21525161400040815
100,30,online_adaptive_controversial,factorization_machines,0.5,0.3,0,12,85,0.7104036812860343,0.7218005523887877,0.7023681651317782,0.8086372360844529,4,0.254753533999974,0.26652926899987506
100,30,online_adaptive_controversial,factorization_machines,0.5,0.3,1,12,85,0.6734394690277044,0.6090781767252356,0.6066327625105625,0.9665279878971256,2,0.15441003700016154,0.16659268199964572
100,30,online_adaptive_controversial,factorization_machines,0.5,0.3,2,12,85,0.7489942084059731,0.6663250148544266,0.6832762039628215,0.6934201012292118,4,0.20213005999994493,0.21456707199922675
100,30,online_adaptive_controversial,factorization_machines,0.5,0.5,0,10,75,0.7032128242128243,0.6854953194953195,0.6786032627727338,0.6355086372360844,6,0.12930705400049192,0.1427590989997043
100,30,online_adaptive_controversial,factorization_machines,0.5,0.5,1,10,75,0.6614795574795574,0.5787917267917269,0.6024540337543434,0.8142965204236006,3,0.1329562889995941,0.14486723899972276
100,30,online_adaptive_controversial,factorization_machines,0.5,0.5,2,10,75,0.7095899285899286,0.7092923002923003,0.6934438579273685,0.5677874186550976,6,0.13170879199969932,0.14326277100008156
100,30,online_adaptive_controversial,factorization_machines,0.5,0.7,0,7,65,0.7247948608772614,0.7313319159473005,0.7137050222727946,0.7403071017274472,5,0.10062473099969793,0.1113593439995384
100,30,online_adaptive_controversial,factorization_machines,0.5,0.7,1,7,65,0.7031960347344962,0.6279381729381729,0.640042201908433,0.8142965204236006,2,0.10397988099975919,0.11453450099998008
100,30,online_adaptive_controversial,factorization_machines,0.5,0.7,2,7,65,0.7152934245241938,0.7006088858351301,0.6894666472380939,0.6934201012292118,6,0.10261926699968171,0.1134347750003144
100,30,online_adaptive_controversial,factorization_machines,0.5,0.9,0,3,55,0.6989260351088383,0.6893001146209702,0.682764644054222,0.6355086372360844,6,0.07455412200033606,0.08457362599983753
100,30,online_adaptive_controversial,factorization_machines,0.5,0.9,1,3,55,0.6261447685441494,0.5788824307006125,0.58402768958695,0.8142965204236006,3,0.07664055399982317,0.08582530999956361
100,30,online_adaptive_controversial,factorization_machines,0.5,0.9,2,3,55,0.5870422343550686,0.6149323700660598,0.5834798528758739,0.6865509761388287,5,0.07390141300038522,0.08354973399946175
100,30,online_adaptive_controversial,factorization_machines,0.7,0.1,0,20,93,0.7464925755248336,0.7535586277521762,0.7282015475563862,0.9848368522072937,0,0.24424622500009718,0.2572343159999946
100,30,online_adaptive_controversial,factorization_machines,0.7,0.1,1,20,93,0.7243727598566307,0.5920634920634921,0.623385157256125,0.8142965204236006,2,0.29477440800019394,0.3071129039999505
100,30,online_adaptive_controversial,factorization_machines,0.7,0.1,2,20,93,0.7738607270865335,0.6973374295954942,0.705502740986612,0.824475777295734,3,0.2459452169996439,0.2584494940001605
100,30,online_adaptive_controversial,factorization_machines,0.7,0.3,0,19,79,0.7470464135021097,0.7859252561784207,0.7471048641934718,0.8086372360844529,2,0.31326920599985897,0.3243894100005491
100,30,online_adaptive_controversial,factorization_machines,0.7,0.3,1,19,79,0.7531645569620253,0.6599909584086799,0.6717715477209147,0.8142965204236006,2,0.21274990199981403,0.2243720240003313
100,30,online_adaptive_controversial,factorization_machines,0.7,0.3,2,19,79,0.7769439421338156,0.7496081977094635,0.7424222753336677,0.8235719450469993,3,0.21785223500046413,0.22936412400031259
100,30,online_adaptive_controversial,factorization_machines,0.7,0.5,0,16,65,0.756910866910867,0.7676739926739927,0.7488955940992139,0.8086372360844529,2,0.1700303449997591,0.18013742599941907
100,30,online_adaptive_controversial,factorization_machines,0.7,0.5,1,16,65,0.7590842490842491,0.6334432234432235,0.6680761119222657,0.9858169440242057,0,0.17020469399994909,0.18042561800029944
100,30,online_adaptive_controversial,factorization_machines,0.7,0.5,2,16,65,0.777106227106227,0.7220512820512821,0.725415976682945,0.8235719450469993,3,0.18242220999945857,0.19442542500019044
100,30,online_adaptive_controversial,factorization_machines,0.7,0.7,0,12,51,0.7734056248762131,0.7613883937413349,0.7547677896612517,0.8086372360844529,2,0.13468348500009597,0.1443142540001645
100,30,online_adaptive_controversial,factorization_machines,0.7,0.7,1,12,51,0.7669234360410832,0.6662231559290384,0.6922961441992584,0.9858169440242057,0,0.1310426849995565,0.14098986600038188
100,30,online_adaptive_controversial,factorization_machines,0.7,0.7,2,12,51,0.7130344600932836,0.6831225419460714,0.6794846994537397,0.6979392624728851,4,0.1301266199998281,0.13916704199982632
100,30,online_adaptive_controversial,factorization_machines,0.7,0.9,0,6,37,0.7124969624969625,0.7116491616491617,0.7036092058598452,0.8086372360844529,3,0.12192847000005713,0.13301096300074278
100,30,online_adaptive_controversial,factorization_machines,0.7,0.9,1,6,37,0.7140379140379141,0.6537938037938038,0.6717613338975568,0.9858169440242057,0,0.0920510509995438,0.10037361200011219
100,30,online_adaptive_controversial,factorization_machines,0.7,0.9,2,6,37,0.678927003927004,0.6684157301804361,0.6659847443135907,0.5677874186550976,6,0.0920660809997571,0.10126553300051455
100,30,online_adaptive_controversial,factorization_machines,0.9,0.1,0,27,91,0.663003663003663,0.6575091575091575,0.638095238095238,0.9848368522072937,0,0.31060867399992276,0.3224120340000809
100,30,online_adaptive_controversial,factorization_machines,0.9,0.1,1,27,91,0.35714285714285715,0.3223443223443223,0.32783882783882784,0.9858169440242057,0,0.30409487599990825,0.3158140679997814
100,30,online_adaptive_controversial,factorization_machines,0.9,0.1,2,27,91,0.5036630036630036,0.4981684981684982,0.48827838827838826,0.9996384671005062,0,0.35738052099986817,0.369178063999243
100,30,online_adaptive_controversial,factorization_machines,0.9,0.3,0,26,73,0.7328767123287672,0.7557077625570776,0.7210045662100456,0.9848368522072937,0,0.2542855709998548,0.26609048299997085
100,30,online_adaptive_controversial,factorization_machines,0.9,0.3,1,26,73,0.5205479452054794,0.4657534246575342,0.47899543378995435,0.9858169440242057,0,0.25504047499998705,0.26559390400052507
100,30,online_adaptive_controversial,factorization_machines,0.9,0.3,2,26,73,0.545662100456621,0.5433789954337899,0.5205479452054794,0.9996384671005062,0,0.25841926300017803,0.2691239650002899
100,30,online_adaptive_controversial,factorization_machines,0.9,0.5,0,25,55,0.8121212121212121,0.7393939393939394,0.7521212121212121,0.9848368522072937,0,0.21008980199985672,0.21983363699928304
100,30,online_adaptive_controversial,factorization_machines,0.9,0.5,1,25,55,0.6363636363636364,0.4575757575757576,0.5151515151515151,0.9858169440242057,0,0.2093868729998576,0.2188456200001383
100,30,online_adaptive_controversial,factorization_machines,0.9,0.5,2,25,55,0.5803030303030303,0.5666666666666667,0.5477056277056277,0.9996384671005062,0,0.20870692600055918,0.2184768469996925
100,30,online_adaptive_controversial,factorization_machines,0.9,0.7,0,22,37,0.75,0.754054054054054,0.732968682968683,0.9848368522072937,0,0.19692693400065764,0.20569981999960874
100,30,online_adaptive_controversial,factorization_machines,0.9,0.7,1,22,37,0.8738738738738739,0.6355855855855855,0.6972329472329473,0.9858169440242057,0,0.16037281100034306,0.16825358099958976
100,30,online_adaptive_controversial,factorization_machines,0.9,0.7,2,22,37,0.8220720720720721,0.7567567567567568,0.7683807183807184,0.9996384671005062,0,0.1591716559996712,0.16810609100048168
100,30,online_adaptive_controversial,factorization_machines,0.9,0.9,0,14,19,0.7984544695071011,0.7935045948203844,0.7896688193127822,0.8086372360844529,3,0.10986067399971944,0.1170802119995642
100,30,online_adaptive_controversial,factorization_machines,0.9,0.9,1,14,19,0.7602756892230577,0.7259398496240601,0.7246096009253904,0.9858169440242057,0,0.1125040489996536,0.11938283899962698
100,30,online_adaptive_controversial,factorization_machines,0.9,0.9,2,14,19,0.7498708893445736,0.7289891395154553,0.7237159125704017,0.9996384671005062,0,0.11033659799977613,0.11703124300038326
